A,C,D,E,F,G,H,I,K,L,M,N,P,Q,R,S,T,V,W,Y
0.2764477686521672,0.038626078255556626,0.2764477686521672,0.2764477686521672,0.20733582648912538,0.24189179757064627,0.05304792209966585,0.20733582648912538,0.31100373973368806,0.4319496385190112,0.0691119421630418,0.12094589878532314,0.32828172527444854,0.0345559710815209,0.20733582648912538,0.15550186986684403,0.24189179757064627,0.2764477686521672,0.057401973129648474,0.0697548485866975
0.38935182346111097,0.060727097186052396,0.2354220327904392,0.2625861134970283,0.15392979067067178,0.34407835561679573,0.05560054185069674,0.24447672635930223,0.34407835561679573,0.32596896847906964,0.08149224211976741,0.21731264565271308,0.14487509710180874,0.0996016292574935,0.15392979067067178,0.2354220327904392,0.16298448423953482,0.2988048877724805,0.030082053009647416,0.10052816272265287
0.4714525992698132,0.10539634351598084,0.21215366967141594,0.2357262996349066,0.14143577978094396,0.2710852445801426,0.10856118339468741,0.14143577978094396,0.14143577978094396,0.41252102436108656,0.12964946479919862,0.05893157490872665,0.25929892959839723,0.1178631498174533,0.2710852445801426,0.22393998465316126,0.12964946479919862,0.29465787454363324,0.03915721160222372,0.1427514709409668
0.25382669653473683,0.08213039287409282,0.2271080968995014,0.27386564626116344,0.18035054753783933,0.20038949726426594,0.10937742626059628,0.20706914717307479,0.26718599635235457,0.46089584370781167,0.07347614899689751,0.14027264808498616,0.23378774680831024,0.17367089762903049,0.15363194790260387,0.3005842458963989,0.26718599635235457,0.25382669653473683,0.09616333431527242,0.1483193059723626
0.19189514663132368,0.06128489700836794,0.26865320528385317,0.26865320528385317,0.20286058358168502,0.3125149530852986,0.12905588064132995,0.12610252492915555,0.13706796187951692,0.46054835191517685,0.08224077712771015,0.1425506803546976,0.27413592375903384,0.15899883578023963,0.2960667976597565,0.21382602053204638,0.186412428156143,0.27413592375903384,0.10321844876734489,0.1770790680093993
0.37358769482617726,0.07129585154260304,0.20957358490248967,0.24602116488553136,0.14579031993216673,0.36447579983041684,0.04662649037558265,0.173126004919448,0.38269958982193764,0.346252009838896,0.12756652994064588,0.20957358490248967,0.15490221492792713,0.054671369974562525,0.10023084495336462,0.2186854798982501,0.15490221492792713,0.3553639048346564,0.04036278808644786,0.03678662968363501
0.4693786863066022,0.05564613227220293,0.17068315865694625,0.19913035176643729,0.05689438621898208,0.4053725018102473,0.04367015125884907,0.07822978105110036,0.07822978105110036,0.4978258794160932,0.07822978105110036,0.02133539483211828,0.24180114143067385,0.19913035176643729,0.22757754487592832,0.19201855348906452,0.12090057071533693,0.2631365362627921,0.031502997665877525,0.007177955017484046
0.18987473972256932,0.10611938148077961,0.12658315981504623,0.09493736986128466,0.031645789953761556,0.22152052967633087,0.0,0.25316631963009245,0.18987473972256932,0.3481036894913771,0.09493736986128466,0.12658315981504623,0.09493736986128466,0.15822894976880778,0.31645789953761555,0.284812109583854,0.5379784292139465,0.3481036894913771,0.035045188578397404,0.06388034303604108
0.3048318892943048,0.041553160314665695,0.16356833084084652,0.21561279974475223,0.07434924129129386,0.12639371019519957,0.12174483345520007,0.11895878606607019,0.21561279974475223,0.2825271169069167,0.07434924129129386,0.12639371019519957,0.3791811305855987,0.25278742039039914,0.1710032549699759,0.46840022013515137,0.3048318892943048,0.28996204103604606,0.01646717105511505,0.015008173425586115
0.22614268412595268,0.014869320938458235,0.2660502166187678,0.42568034659002857,0.11972259747844553,0.11972259747844553,0.09529841497578619,0.38577281409721337,0.3458652816043982,0.23944519495689107,0.14632761914032233,0.1729326408021991,0.05321004332375357,0.15963012997126072,0.27935272744970624,0.25274770578782946,0.22614268412595268,0.23944519495689107,0.01473146985167917,0.053705024040329834
0.14171715381022598,0.029701693198233188,0.4871527162226518,0.4782953941095127,0.15943179803650423,0.23914769705475636,0.06345334118044807,0.16828912014964337,0.37200752875184323,0.23029037494161722,0.04428661056569562,0.14171715381022598,0.23914769705475636,0.13285983169708687,0.07085857690511299,0.17714644226278248,0.13285983169708687,0.16828912014964337,0.10789655642312102,0.1251560296192099
0.2812182954174413,0.08801549118146991,0.26996956360074365,0.2362233681506507,0.1462335136170695,0.1912284408838601,0.14965834260439495,0.31496449086753425,0.258720831784046,0.483695468117999,0.10123858635027887,0.2137259045172554,0.22497463633395304,0.13498478180037182,0.2137259045172554,0.17997970906716243,0.15748224543376713,0.1687309772504648,0.03737122015534929,0.215714066803183
0.2840409990848589,0.0198435131379966,0.08876281221401841,0.15977306198523314,0.10651537465682209,0.23078331175644787,0.1090099939386632,0.12426793709962577,0.4970717483985031,0.40830893618448466,0.08876281221401841,0.10651537465682209,0.15977306198523314,0.10651537465682209,0.390556373741681,0.053257687328411046,0.14202049954242946,0.35505124885607364,0.03931909422813317,0.14334162999527106
0.2956912362606481,0.08413201941057863,0.20698386538245367,0.3548294835127777,0.13440510739120368,0.2338648868606944,0.08528280535399024,0.2123600696781018,0.3978391178779629,0.31988415559106476,0.07795496228689813,0.16935043531291663,0.21773627397374995,0.17472663960856477,0.15859802672162035,0.23924109115634254,0.22311247826939812,0.28762692981717586,0.08037518621926161,0.130229180616938
0.29401847667026476,0.0,0.17151077805765444,0.12250769861261032,0.04900307944504413,0.19601231778017653,0.12537686250672075,0.22051385750269858,0.44102771500539717,0.46552925472791923,0.04900307944504413,0.07350461916756619,0.19601231778017653,0.09800615889008826,0.3430215561153089,0.2695169369477427,0.14700923833513238,0.24501539722522064,0.05426700242221739,0.14837677599511342
0.21877508069705145,0.09781722953100817,0.17502006455764116,0.306285112975872,0.17502006455764116,0.4156726533243978,0.06716965592306258,0.3281626210455772,0.3500401291152823,0.2844076049061669,0.06563252420911543,0.13126504841823086,0.10938754034852573,0.153142556487936,0.3719176371849875,0.153142556487936,0.153142556487936,0.1968975726273463,0.024227595425757236,0.13248612744145485
0.3696182032340939,0.059021851034980505,0.1980097517325503,0.2640130023100671,0.13200650115503354,0.2508123521945637,0.06754906480466805,0.17160845150154358,0.4620227540426174,0.1980097517325503,0.14520715127053688,0.17160845150154358,0.11880585103953017,0.14520715127053688,0.3168156027720805,0.13200650115503354,0.15840780138604024,0.27721365242557044,0.014618667232867403,0.2797924026717871
0.19328311259684333,0.0,0.13529817881779033,0.30925298015494934,0.21261142385652765,0.19328311259684333,0.07912394243746247,0.27059635763558065,0.463879470232424,0.347909602674318,0.03865662251936867,0.13529817881779033,0.173954801337159,0.19328311259684333,0.27059635763558065,0.25126804637589634,0.13529817881779033,0.32858129141463366,0.0,0.019508110800521332
0.07334858938205135,0.0,0.12224764897008558,0.24449529794017116,0.07334858938205135,0.1711467085581198,0.12511072243026036,0.24449529794017116,0.5867887150564108,0.12224764897008558,0.09779811917606847,0.12224764897008558,0.12224764897008558,0.19559623835213694,0.3911924767042739,0.22004576814615406,0.12224764897008558,0.3667429469102568,0.0,0.14806181352342
0.3449187436719513,0.005354782227172496,0.3497092817785062,0.49342542497515257,0.12455399077042686,0.37366197231128057,0.00490273382261474,0.08143914781143295,0.43114842958993915,0.1341350669835366,0.03832430485243903,0.10060130023765247,0.14850668130320127,0.0670675334917683,0.12455399077042686,0.17245937183597565,0.18204044804908542,0.17724990994253054,0.010610277801977194,0.03868081258468663
0.38711259788144275,0.05769438597343306,0.1290375326271476,0.10323002610171807,0.07742251957628855,0.4645351174577313,0.026411925404882367,0.2580750652542952,0.38711259788144275,0.20646005220343613,0.10323002610171807,0.20646005220343613,0.1548450391525771,0.025807506525429517,0.2838825717797247,0.23226755872886565,0.07742251957628855,0.33549758483058373,0.028579755292675025,0.07814273425429284
0.4579842233420547,0.0741923181811613,0.13274905024407382,0.26549810048814765,0.0796494301464443,0.1393865027562775,0.07472193817091007,0.09292433517085168,0.1526614077806849,0.36505988817120305,0.08628688265864799,0.026549810048814765,0.3916096982200178,0.2190359329027218,0.3916096982200178,0.26549810048814765,0.18584867034170335,0.17257376531729599,0.01470089862254722,0.04689437691224769
0.10668801792247842,0.023850811308310113,0.19203843226046116,0.34140165735193095,0.19203843226046116,0.2773888465984439,0.06551200833416483,0.19203843226046116,0.3627392609364266,0.405414468105418,0.1493632250914698,0.21337603584495685,0.2560512430139482,0.1493632250914698,0.17070082867596548,0.2560512430139482,0.1493632250914698,0.2987264501829396,0.07088908279954521,0.1292165661090687
0.3671804594831861,0.09327911105336852,0.19193524018439276,0.25035031328399054,0.14186517752759464,0.34214542815478705,0.13664724601023198,0.18359022974159306,0.25035031328399054,0.42559553258278393,0.08345010442799684,0.1669002088559937,0.18359022974159306,0.14186517752759464,0.20028025062719243,0.25035031328399054,0.2086252610699921,0.25035031328399054,0.018482867078617415,0.16003014112748457
0.26892275324446413,0.07214334995488071,0.2581658431146856,0.26892275324446413,0.07529837090844996,0.29581502856891057,0.09357513927452374,0.2796796633742427,0.18286747220623562,0.3711133994773605,0.11832601142756423,0.11294755636267494,0.3065719386986891,0.13446137662223206,0.21513820259557132,0.27430120830935345,0.26892275324446413,0.3119503937635784,0.017868630135467065,0.043427900526555936
0.30303951841858623,0.04619078629387852,0.23416690059618028,0.21120936132204496,0.20202634561239083,0.3259970576927216,0.0798837178728678,0.24794142416066148,0.22498388488652615,0.36732062838616514,0.09642166495136835,0.20202634561239083,0.25712443987031564,0.17447729848342844,0.18825182204790963,0.2066178534672179,0.20202634561239083,0.34436308911202984,0.035593101390959794,0.14366081577794765
0.23747726876434422,0.0819766074993339,0.23747726876434422,0.32478508816300017,0.1816002643492044,0.24795420709218294,0.08935259246948363,0.21652339210866678,0.3876467181300325,0.39113903090597874,0.13969251103784955,0.15016944936568827,0.2095387665567743,0.1536617621416345,0.16763101324541946,0.22001570488461303,0.20255414100488184,0.25843114542002166,0.08121661553460228,0.14804158490888358
0.3403038220343514,0.09363343735114509,0.21465318005243703,0.3088911615388728,0.18847596297287153,0.2355949537160894,0.13930953234418392,0.14659241564556674,0.2408303971320025,0.42930636010487405,0.08376709465460956,0.12565064198191436,0.2251240668842632,0.14135697222965365,0.2617721707956549,0.17276963272513224,0.2408303971320025,0.2984202747070466,0.05797836049290807,0.13210363915823115
0.30554046965745874,0.05854764920392994,0.34045938047545404,0.20951346490797174,0.2880810142484611,0.22697292031696936,0.0982759835321024,0.2793512865439623,0.30554046965745874,0.2880810142484611,0.11348646015848468,0.14840537097647996,0.21824319261247055,0.18332428179447527,0.17459455408997643,0.2968107419529599,0.22697292031696936,0.2007837372034729,0.029002431674724875,0.1321640258916172
0.32361724545860654,0.1252155693528963,0.14936180559627996,0.21159589126139658,0.27382997692651323,0.3111704283255832,0.06369162501648397,0.22404270839441992,0.36095769685767654,0.48542586818790984,0.13691498846325661,0.11202135419720996,0.12446817133023329,0.09957453706418663,0.07468090279813998,0.22404270839441992,0.16180862272930327,0.2613831597934899,0.027567714647981575,0.1130634208205165
0.26254588192331557,0.023291216896454452,0.17086319299771333,0.27088067182564307,0.22920672231400568,0.2583784869721518,0.0767699367057619,0.20420235260702324,0.12085445358374844,0.5667657133582685,0.10001747882792975,0.0625109242674561,0.2333741172651694,0.17086319299771333,0.18753277280236827,0.24170890716749688,0.1791979829000408,0.30005243648378926,0.05076563308210866,0.09674171899370336
0.3426985808512973,0.11970708125596802,0.14993062912244257,0.17134929042564864,0.02141866130320608,0.36411724215450336,0.10960146112048778,0.17134929042564864,0.3212799195480912,0.4497918873673277,0.17134929042564864,0.04283732260641216,0.19276795172885475,0.17134929042564864,0.10709330651603041,0.27844259694167905,0.21418661303206082,0.29986125824488513,0.047438918451043956,0.10808953050474801
0.22211569183844884,0.0538432378460456,0.15521337501963897,0.24887661856597282,0.22746787718395364,0.22479178451120124,0.0684691874238635,0.3184550280575351,0.24620052589322042,0.48972495911368846,0.09901542889183865,0.14450900432862937,0.12042417027385781,0.17929820907441052,0.20873522847468687,0.32915939874854466,0.22211569183844884,0.24084834054771562,0.06816186189881274,0.10803946950380314
0.3621724894670776,0.024220614127813473,0.1733475163261226,0.23216185222248564,0.21668439540765327,0.30645364493368105,0.06019178377042306,0.3219311017485134,0.2631167658521504,0.3683634721930105,0.0990557236149272,0.16406104223722318,0.08976924952602779,0.16406104223722318,0.19501595586688794,0.2724032399410498,0.21358890404468678,0.2971671708447816,0.03770810796257986,0.10935003936876563
0.37788169082881123,0.08447794869871911,0.17634478905344525,0.22672901449728675,0.10076845088768299,0.4282659162726527,0.07734635672924836,0.20153690177536598,0.302305352663049,0.22672901449728675,0.10076845088768299,0.07557633816576224,0.17634478905344525,0.12596056360960375,0.37788169082881123,0.22672901449728675,0.2519211272192075,0.2519211272192075,0.0,0.025426459646453316
0.21587882621757518,0.05484220220532228,0.16681545662267172,0.33363091324534344,0.1864408044606331,0.10793941310878759,0.08033991546302298,0.1766281305416524,0.441570326354131,0.441570326354131,0.14719010878471034,0.20606615229859448,0.14719010878471034,0.16681545662267172,0.21587882621757518,0.23550417405553656,0.2551295218934979,0.1864408044606331,0.08693403032794238,0.11884746317810749
0.21559239129361812,0.07334341840139978,0.2905810491348766,0.32807537805550585,0.14997731568251696,0.21559239129361812,0.08633802686669777,0.14060373345235966,0.32807537805550585,0.39369045366660704,0.04686791115078655,0.1780980623729889,0.2812074669047193,0.0937358223015731,0.22496597352377545,0.15935089791267426,0.2530867202142474,0.34682254251582045,0.0,0.12299012664529134
0.31498445110641576,0.020312554381285906,0.20595137187727183,0.15143483226269988,0.16354961884371585,0.2362383383298118,0.07439110922829585,0.17566440542473186,0.2422957316203198,0.37555838401149566,0.1272052591006679,0.2180661584582878,0.24835312491082778,0.17566440542473186,0.1211478658101599,0.3937305638830197,0.3392140242684477,0.2604679114918438,0.033540399918842764,0.07947864003828273
0.21780511273023295,0.07303765802672417,0.2504758796397679,0.21780511273023295,0.16879896236593053,0.2341404961850004,0.10588042989229288,0.26681126309453534,0.21780511273023295,0.33759792473186107,0.08167691727383736,0.21780511273023295,0.1579087067294189,0.16335383454767471,0.16335383454767471,0.3484881803683727,0.2722563909127912,0.26681126309453534,0.1266309408475671,0.3077637099777926
0.17195028969948592,0.019785614964941196,0.35654398305334584,0.45263385082658797,0.060688337540995035,0.13907744019811363,0.05952177192046216,0.1137906328893657,0.2174665428552322,0.2983843262432256,0.073331741195369,0.09608986777324213,0.17195028969948592,0.17195028969948592,0.5689531644468284,0.17195028969948592,0.09861854850411693,0.12643403654373966,0.07560843057903824,0.06125288428682439
0.3313236850065604,0.03488785454601016,0.16806273877144368,0.40094967678330135,0.09843674699470273,0.259296796961656,0.04668539242507234,0.1536573611624628,0.2304860417436942,0.3337245812747239,0.0768286805812314,0.10083764326286622,0.38894519544248396,0.20167528652573244,0.23528783428002117,0.2953102409841082,0.19687349398940546,0.19447259772124198,0.0319056137064293,0.0678504497437598
0.21174854346364652,0.0929849366712406,0.31006036721462527,0.35543505509969237,0.18906119952111297,0.1966236475019575,0.05417693810368264,0.18149875154026845,0.29493547125293623,0.27224812731040265,0.10587427173182326,0.21174854346364652,0.15881140759773488,0.2419983353870246,0.31762281519546975,0.2873730232720917,0.204186095482802,0.23443588740618007,0.08374808023128982,0.16028873367046373
0.23543516814391016,0.06925406235478183,0.2850004667005228,0.34695708989628865,0.148695895669838,0.297391791339676,0.0380445985800111,0.1858698695872975,0.35934841453544186,0.2602178174222165,0.061956623195765836,0.16108722030899117,0.2850004667005228,0.12391324639153167,0.23543516814391016,0.2602178174222165,0.32217444061798234,0.1858698695872975,0.05488961525053001,0.06253296803276384
0.2943531789829176,0.09021598111768953,0.24687685979212443,0.2943531789829176,0.16616711716777607,0.3133437066592349,0.07774116416741239,0.25637212363028306,0.30859607474015555,0.34657713009279006,0.13293369373422084,0.12818606181514153,0.21839106827764854,0.13768132565330016,0.2088958044394899,0.2088958044394899,0.19465290868225196,0.3275866024164728,0.03680336604130926,0.10062772136354121
0.5443260683794492,0.05850369664423893,0.1256137080875652,0.2302917981605362,0.052339045036485496,0.37684112426269556,0.032138903893817995,0.2302917981605362,0.24075960716783326,0.39777674227728976,0.08374247205837679,0.08374247205837679,0.18842056213134778,0.07327466305107969,0.24075960716783326,0.19888837113864488,0.08374247205837679,0.2302917981605362,0.034776790960129166,0.05282592338498539
0.2781447427671614,0.052614772679131644,0.29526134232206364,0.35516944076422147,0.17972429532647352,0.16260769577157128,0.052552425029964794,0.14121194632794348,0.2567489933235336,0.38084434009657486,0.04707064877598116,0.17544514543774797,0.27386559287843587,0.1925617449926502,0.106978747218139,0.4150775392063793,0.19684089488137577,0.20967834454755244,0.033171720635608005,0.03887060599126242
0.35200182299839367,0.09180772212913592,0.2816014583987149,0.19946769969908973,0.129067335099411,0.31680164069855427,0.06004096703579443,0.19946769969908973,0.31680164069855427,0.35200182299839367,0.129067335099411,0.1525341232993039,0.18773430559914328,0.08213375869962519,0.1525341232993039,0.2346678819989291,0.19946769969908973,0.3637352170983401,0.0,0.17763814108688744
0.1977930483696856,0.1607925193006524,0.3056801656622414,0.3056801656622414,0.26971779323138945,0.16183067593883366,0.05520693158153435,0.23375542080053752,0.3236613518776673,0.46751084160107503,0.1438494897234077,0.17981186215425962,0.16183067593883366,0.1977930483696856,0.1977930483696856,0.1977930483696856,0.1438494897234077,0.10788711729255578,0.07965091883673833,0.18148454270136033
0.32498289328921953,0.08004041940616675,0.23134375454486814,0.3139665240251782,0.20931101601678548,0.24236012380890948,0.08455781739737142,0.19829464675274414,0.28642560086507485,0.3910811088734676,0.1101636926404134,0.13770461580051677,0.21481920064880614,0.1652455389606201,0.24236012380890948,0.23685193917688882,0.1817700928566821,0.29193378549709553,0.024399500778567215,0.11674790249480918
0.46839782648022676,0.04592694248929122,0.1807851260099121,0.16435011455446555,0.1725676202821888,0.2876127004703147,0.07568965768655858,0.1396975973712957,0.2876127004703147,0.3944402749307173,0.15613260882674226,0.12326258591584915,0.20543764319308191,0.11504508018812587,0.1807851260099121,0.2876127004703147,0.23830766610397502,0.2547426775594216,0.027300696708115385,0.09952737831248844
0.19890671512162028,0.15748697422076796,0.20719449491835445,0.2734967332922279,0.17404337573141776,0.232057834308557,0.1357101099544005,0.14089225654448104,0.32322341207263294,0.45582788882037983,0.09116557776407597,0.13260447674774686,0.22377005451182283,0.1906189353248861,0.232057834308557,0.29007229288569625,0.15746781613794938,0.2817845130889621,0.027534165489042337,0.16729751957404376
0.27629520359963167,0.06973763354575044,0.2005368413223133,0.44563742516069627,0.04902011676767659,0.11140935629017407,0.07753264389540963,0.120322104793388,0.3698790628833779,0.4188991796510545,0.11140935629017407,0.12477847904499495,0.08021473652892533,0.28075157785123867,0.28075157785123867,0.2852079521028456,0.16934222156106457,0.16488584730945763,0.014805237244986235,0.05397395033694761
0.13789832950917463,0.010630373335910997,0.14740855913049702,0.5135523995514091,0.042796033295950754,0.1664290183731418,0.053531289937596566,0.08559206659190151,0.2853068886396717,0.20446993685843137,0.06657160734925673,0.0951022962132239,0.15691878875181942,0.25202108496504333,0.36614384042091197,0.49453194030876424,0.13314321469851345,0.1854494776157866,0.0052659104258430435,0.009598697511568695
0.40524464663694665,0.08388436875950826,0.2176313843050269,0.2776676282512412,0.12757701838570543,0.30768575022434835,0.09216346386278841,0.2926766892377948,0.2776676282512412,0.285172158744518,0.12007248789242864,0.12757701838570543,0.18010873183864295,0.11256795739915185,0.23264044529158048,0.21012685381175011,0.2176313843050269,0.3377038721974555,0.0249320070739417,0.068169065244044
0.22206867677540598,0.10183573318982954,0.21637460814013915,0.4042788731039442,0.21637460814013915,0.2960915690338746,0.11072108039722553,0.25053901995174005,0.347338186751276,0.33595004948074236,0.09679916679953593,0.1708220590580046,0.1765161276932714,0.16512799042273776,0.2277627454106728,0.21068053950487234,0.16512799042273776,0.19359833359907186,0.08197444974850678,0.14942296453651413
0.46199585568912943,0.075942813240127,0.20382170103932182,0.28535038145505054,0.13588113402621455,0.38046717527340074,0.06953175372240793,0.21740981444194327,0.2717622680524291,0.25817415464980764,0.05435245361048582,0.10870490722097163,0.149469247428836,0.1766454742340789,0.149469247428836,0.20382170103932182,0.20382170103932182,0.33970283506553633,0.09028651153571506,0.06857257684516341
0.2749752681646014,0.13172686713405266,0.2225990266094392,0.1571287246654865,0.1964109058318581,0.4451980532188784,0.05360290749437366,0.17022278505427704,0.3011633889421824,0.3011633889421824,0.039282181166371624,0.1964109058318581,0.09165842272153378,0.10475248311032433,0.09165842272153378,0.3011633889421824,0.4059158720525068,0.1964109058318581,0.05800251044484269,0.13215866480071115
0.22190450158773625,0.024454755096815436,0.21565367055709578,0.45318524972143315,0.12814203612812938,0.16877243782729234,0.0607736584703622,0.19377576194985419,0.3938023549303488,0.3844261083843881,0.109389543036208,0.17814868437325304,0.06250831030640458,0.2625349032868992,0.26566031880221946,0.22502991710305648,0.17814868437325304,0.17502326885793282,0.013844593708077394,0.09463468073029874
0.30920285074911713,0.03291635248990055,0.17668734328520977,0.2576690422909309,0.20613523383274474,0.2944789054753496,0.15822223314979358,0.2503070696540472,0.30184087811223337,0.41227046766548947,0.11042958955325612,0.22085917910651223,0.17668734328520977,0.17668734328520977,0.1472394527376748,0.2503070696540472,0.2355831243802797,0.2134972064696285,0.09783357081453108,0.09659593576257614
0.6135008945629354,0.0,0.011154561719326099,0.0669273703159566,0.011154561719326099,0.1673184257898915,0.0,0.022309123438652198,0.6804282648788921,0.1003910554739349,0.011154561719326099,0.0334636851579783,0.2119366726671959,0.011154561719326099,0.055772808596630495,0.17847298750921758,0.1673184257898915,0.08923649375460879,0.0,0.011258325832415282
0.2438483367628602,0.3270834409278599,0.1625655578419068,0.2601048925470509,0.1463090020577161,0.19507866941028815,0.19964746534002806,0.11379589048933475,0.17882211362609748,0.34138767146800425,0.13005244627352544,0.21133522519447884,0.19507866941028815,0.21133522519447884,0.1625655578419068,0.40641389460476696,0.21133522519447884,0.1463090020577161,0.25203974667545725,0.11485446454602417
0.3863524959913047,0.08097342483798399,0.14488218599673927,0.3863524959913047,0.03622054649918482,0.1811027324959241,0.04942512217355054,0.1811027324959241,0.4346465579902178,0.3018378874932068,0.09658812399782618,0.132808670497011,0.20524976349538063,0.2173232789951089,0.14488218599673927,0.20524976349538063,0.19317624799565236,0.32598491849266337,0.01337045553643661,0.03655748424516382
0.29551921549225774,0.0688179928724435,0.17238620903715035,0.19701281032817183,0.11081970580959664,0.20932611097368256,0.12601681523035357,0.12313300645510739,0.2216394116191933,0.5048453264659403,0.09850640516408592,0.18469950968266108,0.2216394116191933,0.19701281032817183,0.1600729083916396,0.33245911742879,0.2708926142012362,0.30783251613776846,0.06817999231097308,0.08699490662159079
0.2669839586144328,0.024869178310966574,0.1557406425250858,0.24473529539656338,0.08899465287147759,0.2002379689608246,0.2049275971007598,0.2002379689608246,0.2669839586144328,0.5562165804467349,0.0667459896536082,0.17798930574295518,0.08899465287147759,0.222486632178694,0.17798930574295518,0.2892326218323022,0.2002379689608246,0.222486632178694,0.0492772403044284,0.17964503215466873
0.23446724943848762,0.08339020894888573,0.17585043707886572,0.3090704651689155,0.15986403370805974,0.20782324382047768,0.07089684039252325,0.21848084606768164,0.2504536528092936,0.4369616921353633,0.14387763033725376,0.2024944426968757,0.1811792382024677,0.3197280674161195,0.1865080393260697,0.2717688573037016,0.2504536528092936,0.21848084606768164,0.08851833397725468,0.1129458062055354
0.24794994134516965,0.05939019388449127,0.2390945862971279,0.15054103581671016,0.3276481367775456,0.22138387620104436,0.12687849848067773,0.22138387620104436,0.2833713615373368,0.34535884687362917,0.11511961562454306,0.1328303257206266,0.274516006489295,0.17710710096083548,0.2036731661049608,0.3010820716334203,0.23023923124908613,0.2036731661049608,0.10787259437821024,0.24131873802229717
0.20720685224386082,0.10654165998257537,0.26108063382726465,0.28594545609652794,0.15747720770533422,0.3563957858594406,0.08906507128730777,0.21549512633361526,0.26108063382726465,0.38540474517358114,0.153333070660457,0.13261238543607093,0.13261238543607093,0.12846824839119372,0.25693649678238745,0.26522477087214186,0.24450408564775578,0.306666141320914,0.022946506382783737,0.08365374869830207
0.2943511950643064,0.09471810113626104,0.2229933295941715,0.3969281266776253,0.18285453026722062,0.23191306277793836,0.054771814684762526,0.1917742634509875,0.26313212892112237,0.34340972757502414,0.14271573094026976,0.12487626457273604,0.24529266255358864,0.17393479708345377,0.1605551973078035,0.3077307948399567,0.18285453026722062,0.27651172869677265,0.06420630540999106,0.1485446827307079
0.41789173379608696,0.04246475370711812,0.18995078808913043,0.3419114185604348,0.30392126094260874,0.18995078808913043,0.23327938515866672,0.15196063047130437,0.18995078808913043,0.37990157617826087,0.11397047285347826,0.22794094570695653,0.07598031523565218,0.15196063047130437,0.26593110332478265,0.18995078808913043,0.15196063047130437,0.22794094570695653,0.0841421395885555,0.038343556981290286
0.27786887489713163,0.049041649657411514,0.29249355252329645,0.5264883945419336,0.1316220986354834,0.16087145388781304,0.04490157475912393,0.05849871050465929,0.6288611379250874,0.05849871050465929,0.08774806575698893,0.05849871050465929,0.19012080914014268,0.029249355252329644,0.11699742100931858,0.16087145388781304,0.07312338813082411,0.07312338813082411,0.03239132826553408,0.10332505484002211
0.3630025376216464,0.09363647964316026,0.12100084587388214,0.22338617699793625,0.046538786874570054,0.3536947802467324,0.09525747604896947,0.13961636062371016,0.18615514749828022,0.5584654424948406,0.07446205899931209,0.11169308849896813,0.19546290487319423,0.13961636062371016,0.13961636062371016,0.2606172064975923,0.16753963274845218,0.3071559933721624,0.061845593917378205,0.05636605073292603
0.2591847763546923,0.06518527787467547,0.20734782108375382,0.3887771645320384,0.16847010463054998,0.23974591812809037,0.11273335582718065,0.24622553753695767,0.2851032539901615,0.40173640334977306,0.13607200758621346,0.12959238817734614,0.21382744049262115,0.14903124640394808,0.2591847763546923,0.1749497240394173,0.2721440151724269,0.1943885822660192,0.028702646946944934,0.1373378028311297
0.21308379087409346,0.05954536165310354,0.33027987585484486,0.2663547385926168,0.18112122224297944,0.34093406539854954,0.15265199017996608,0.1598128431555701,0.21308379087409346,0.4368217712918916,0.1171960849807514,0.17046703269927477,0.22373798041779813,0.1598128431555701,0.22373798041779813,0.24504635950520748,0.1917754117866841,0.24504635950520748,0.0471946609333718,0.09677969098505035
0.2403036766122153,0.07834381716087263,0.18022775745916148,0.1301644914982833,0.15018979788263456,0.3204049021496204,0.11271867503035682,0.19024041065133712,0.17021510426698583,0.4305440872635524,0.11013918511393202,0.20025306384351274,0.36045551491832295,0.18022775745916148,0.2703416361887422,0.3003795957652691,0.14017714469045892,0.25031632980439095,0.03326464466230008,0.1920101016514556
0.29367829226012837,0.09574501213343173,0.17131233715174154,0.28144169674928965,0.09789276408670945,0.2569685057276123,0.08766225953153277,0.20802212368425757,0.22025871919509626,0.4527540339010312,0.1346025506192255,0.08565616857587077,0.22025871919509626,0.15907574164090285,0.23249531470593493,0.3670978653251604,0.09789276408670945,0.33038807879264437,0.04065316092865676,0.08645297588991284
0.35628372253704754,0.06637465015540293,0.142513489014819,0.237522481691365,0.13063736493025074,0.41566434295988874,0.12154266167158241,0.2969031021142063,0.22564635760679677,0.285026978029638,0.0712567445074095,0.10688511676111426,0.142513489014819,0.142513489014819,0.16626573718395551,0.285026978029638,0.22564635760679677,0.36815984662161577,0.01315186028638448,0.11986600454109261
0.3084955537812245,0.041173862279650655,0.2071985062709717,0.2210117400223698,0.13813233751398113,0.28547349752889434,0.07068371736778209,0.2946823200298264,0.28547349752889434,0.363748488786817,0.04143970125419434,0.2210117400223698,0.1565499825158453,0.12892351501304905,0.16575880501677737,0.34993525503541884,0.19338527251957358,0.3177043762821566,0.04079214601394942,0.15335902863258932
0.27891390443883846,0.0,0.16734834266330306,0.2342876797286243,0.21197456737351722,0.21197456737351722,0.12559630360694884,0.20081801119596368,0.12272211795308892,0.29007046061639197,0.11156556177553538,0.5132015841674628,0.13387867413064244,0.20081801119596368,0.21197456737351722,0.30122701679394553,0.1785048988408566,0.2677573482612849,0.07412997729539203,0.1238637272826393
0.25434632257564604,0.0,0.2945062682454849,0.32127956535871083,0.14725313412274246,0.08031989133967771,0.054800670146145085,0.12047983700951656,0.30789291680209785,0.36143951102854965,0.06693324278306476,0.17402643123596837,0.267732971132259,0.10709318845290361,0.17402643123596837,0.41498610525500146,0.267732971132259,0.28111961968887195,0.014824645672764081,0.054044705671675825
0.1596490025120382,0.023793726222322616,0.4576604738678428,0.29801147135580464,0.14900573567790232,0.22350860351685348,0.05446267530930651,0.2022220698485817,0.29801147135580464,0.4363739401995711,0.09578940150722291,0.17029226934617409,0.11707593517549468,0.09578940150722291,0.17029226934617409,0.34058453869234817,0.17029226934617409,0.14900573567790232,0.023573138407193328,0.15039184554011506
0.4276368543138794,0.02731458406705798,0.30545489593848524,0.10996376253785468,0.1221819583753941,0.268800308425867,0.0875304453406798,0.19549113340063057,0.23214572091324878,0.3543276792886429,0.08552737086277587,0.18327293756309115,0.09774556670031528,0.1466183500504729,0.1221819583753941,0.3421094834511035,0.2810185042634064,0.2932367001009458,0.14883745219316566,0.08632298004991672
0.2734866309968071,0.0,0.06837165774920177,0.17092914437300444,0.06837165774920177,0.307672459871408,0.0,0.23930080212220622,0.41022994649521066,0.4444157753698116,0.06837165774920177,0.13674331549840354,0.06837165774920177,0.13674331549840354,0.10255748662380267,0.3418582887460089,0.23930080212220622,0.307672459871408,0.0,0.2070230332696745
0.28396920152912347,0.03734305366095799,0.28396920152912347,0.2672651308509397,0.20044884813820482,0.34243344890276656,0.042738211484645634,0.33408141356367466,0.2923212368682154,0.2923212368682154,0.10857645940819427,0.15868867144274548,0.24220902483366413,0.18374477746002107,0.15868867144274548,0.20880088347729667,0.25056106017275603,0.20880088347729667,0.03699685220682852,0.1348756680215299
0.24142282811102453,0.11565357500686725,0.1379559017777283,0.24142282811102453,0.1379559017777283,0.4138677053331849,0.1411868668259882,0.1379559017777283,0.5518236071109132,0.2759118035554566,0.10346692633329622,0.24142282811102453,0.1379559017777283,0.06897795088886415,0.10346692633329622,0.1379559017777283,0.2759118035554566,0.10346692633329622,0.038193789761350905,0.17404902718268533
0.18411788942537227,0.0447399681218563,0.2081332663069426,0.36823577885074454,0.2081332663069426,0.21613839193413267,0.05734825505114417,0.21613839193413267,0.400256281359505,0.33621527634198417,0.0880563818990911,0.24815889444289307,0.1520973869166119,0.2081332663069426,0.16810763817099209,0.3121998994604139,0.19212301505256238,0.2321486431885129,0.026595114636911676,0.1373530716344513
0.3059707193804098,0.0353802289170002,0.15826071692090163,0.2004635747664754,0.13715928799811475,0.2954200049190164,0.07558470561019438,0.3059707193804098,0.21101428922786886,0.358724291687377,0.04220285784557377,0.2215650036892623,0.21101428922786886,0.0738550012297541,0.18991286030508195,0.3481735772259836,0.31652143384180326,0.3059707193804098,0.011684074831963785,0.09583975215163146
0.38676236761139093,0.08234598349453535,0.3130933452092212,0.20258981160596667,0.1473380448043394,0.23021569500678032,0.1036672602727727,0.34071922861003484,0.33151060080976363,0.2854674618084076,0.05525176680162727,0.23021569500678032,0.1381294170040682,0.0736690224021697,0.17496392820515305,0.2210070672065091,0.20258981160596667,0.3130933452092212,0.010197820888033097,0.11153148086340518
0.3721206938205609,0.06302275738928881,0.20297492390212413,0.34956792449810264,0.16914576991843677,0.33829153983687354,0.13848576818485317,0.25935684720826974,0.3044623858531862,0.27063323186949884,0.09021107728983295,0.20297492390212413,0.1804221545796659,0.10148746195106206,0.11276384661229118,0.22552769322458235,0.22552769322458235,0.2480804625470406,0.03746309011524762,0.1707192302873874
0.2062449579339629,0.02561523501869424,0.24634814419890014,0.4239479690864793,0.18332885149685593,0.10312247896698146,0.05276881785070351,0.2921803570731141,0.34374159655660486,0.3953028360400956,0.06874831931132097,0.16041274505974892,0.10312247896698146,0.2062449579339629,0.2406191175896234,0.21197398454323965,0.16041274505974892,0.1947869047154094,0.12688880144001294,0.20816352951728695
0.3384611852002738,0.03439328827681995,0.20512799103046897,0.26666638833960965,0.16410239282437517,0.34871758475179726,0.05248303620703973,0.18461519192742207,0.2871791874426565,0.34871758475179726,0.08205119641218758,0.18461519192742207,0.16410239282437517,0.12307679461828137,0.26666638833960965,0.22564079013351587,0.26666638833960965,0.24615358923656275,0.07950701178911916,0.1966843635416126
0.3081508606090807,0.05166687066176179,0.24138484081044653,0.2311131454568105,0.16434712565817636,0.33383009899317073,0.08409809020320183,0.2619282315177186,0.3132867082858987,0.34410179434680677,0.0873094105059062,0.2567923838409006,0.21056975474953846,0.1283961919204503,0.1386678872740863,0.2773357745481726,0.2773357745481726,0.19516221171908443,0.05118787540026495,0.10885609031979365
0.30428577154507974,0.07849049386723939,0.2457692770171798,0.2340659781115998,0.07021979343347994,0.4096154616952996,0.11977393375088012,0.2457692770171798,0.2574725759227598,0.4096154616952996,0.1170329890557999,0.15214288577253987,0.21065938030043982,0.04681319562231996,0.09362639124463992,0.2574725759227598,0.18725278248927985,0.30428577154507974,0.03888141055110408,0.1299338434618853
0.22714073297142318,0.06217813665845225,0.2364117832967874,0.2595894091101979,0.21323415748337685,0.21786968264605897,0.07590544692945057,0.2781315097609263,0.37084201301456843,0.3291222865504295,0.11125260390437053,0.21786968264605897,0.2503183587848337,0.15760785553119158,0.1622433806938737,0.2734959845982442,0.21323415748337685,0.28276703492360844,0.09753601413476569,0.12632345922441804
0.1926091920631614,0.02306735222139471,0.44024958185865465,0.2682770889451177,0.05503119773233183,0.15821469348045403,0.05632004347322313,0.25451928951203473,0.30955048724436657,0.24076149007895178,0.11006239546466366,0.24076149007895178,0.25451928951203473,0.1926091920631614,0.12382019489774662,0.33706608611053246,0.30955048724436657,0.21324589121278587,0.053324829840311186,0.041657339656736556
0.19588456615687355,0.012511796856975073,0.4757196606666929,0.23506147938824826,0.10633733591373136,0.23506147938824826,0.06300556001438347,0.19028786426667715,0.27423839261962296,0.2238680756078555,0.09514393213333858,0.26864169072942656,0.19588456615687355,0.11193403780392774,0.13432084536471328,0.43094604554512184,0.2630449888392302,0.20148126804706995,0.03718740599218794,0.028243823043964528
0.33435738623198297,0.0,0.13083549896034116,0.11629822129808103,0.07268638831130064,0.5088047181791044,0.14877744691349526,0.2616709979206823,0.2762082755829424,0.23259644259616205,0.029074555324520256,0.1599100542848614,0.1599100542848614,0.11629822129808103,0.37796921921876336,0.21805916493390193,0.14537277662260129,0.29074555324520257,0.01609887564301025,0.10270756389120886
0.10012523486435178,0.0,0.15018785229652767,0.30037570459305535,0.05006261743217589,0.25031308716087947,0.0,0.15018785229652767,0.20025046972870356,0.30037570459305535,0.10012523486435178,0.15018785229652767,0.10012523486435178,0.05006261743217589,0.5006261743217589,0.15018785229652767,0.30037570459305535,0.5006261743217589,0.0,0.0
0.32548500541754516,0.0,0.018082500300974733,0.1084950018058484,0.18082500300974733,0.25315500421364623,0.09252998708195792,0.2169900036116968,0.2350725039126715,0.5967225099321661,0.09041250150487366,0.12657750210682311,0.09041250150487366,0.09041250150487366,0.16274250270877258,0.3435675057185199,0.2893200048155957,0.12657750210682311,0.08009970791596718,0.1642563973718172
0.267469740153962,0.07034662072835758,0.14160162714033284,0.3461373107874803,0.09440108476022188,0.2989367684073693,0.03220399468361607,0.22026919777385107,0.3776043390408875,0.3461373107874803,0.11013459888692553,0.11013459888692553,0.22026919777385107,0.09440108476022188,0.2832032542806657,0.18880216952044376,0.18880216952044376,0.3461373107874803,0.0,0.1429188610776147
0.15708461199942353,0.050167575558748796,0.15708461199942353,0.42637251828414957,0.24684724742766553,0.22440658857060503,0.13779735144541952,0.11220329428530251,0.13464395314236302,0.5161351537123916,0.06732197657118151,0.15708461199942353,0.15708461199942353,0.22440658857060503,0.22440658857060503,0.17952527085648404,0.26928790628472604,0.17952527085648404,0.14910744006420795,0.15854587474144932
0.3137324267357111,0.09891109301911172,0.22524379355384386,0.3619989539258205,0.15686621336785556,0.14479958157032818,0.11114312060694241,0.2373104253513712,0.22926600415301965,0.4625542189052151,0.08848863318186723,0.13675516037197663,0.17697726636373445,0.20915495115714072,0.241332635950547,0.18502168756208603,0.241332635950547,0.22524379355384386,0.04899705207919072,0.15426581769851375
0.3166920898973136,0.05363530994148235,0.230321519925319,0.3166920898973136,0.12475748995954779,0.23991824992220728,0.07857190435933199,0.2207247899284307,0.18233786994087753,0.47983649984441457,0.08637056997199462,0.12475748995954779,0.14395094995332436,0.08637056997199462,0.29749862990353704,0.3358855498910902,0.19193459993776582,0.23991824992220728,0.02125522623820215,0.06780201783315484
0.4485771390475725,0.027103346822197363,0.16973189045043285,0.2909689550578849,0.19397930337192326,0.27884524859713966,0.049630587961897406,0.2909689550578849,0.3394637809008657,0.3152163679793753,0.08486594522521643,0.18185559691117806,0.23035042275415887,0.10911335814670683,0.10911335814670683,0.24247412921490408,0.16973189045043285,0.24247412921490408,0.0134260380229645,0.06118242969382841
0.2797038035259138,0.04689722498847488,0.19579266246813964,0.3216593740548009,0.1258667115866612,0.20977785264443535,0.0715636358253847,0.2797038035259138,0.34962975440739225,0.46151127581775775,0.06992595088147845,0.15383709193925257,0.16782228211554828,0.20977785264443535,0.1398519017629569,0.30767418387850515,0.18180747229184396,0.19579266246813964,0.015487482782043057,0.11292228725418177
0.28359927812482144,0.04389264858632149,0.23996861995177196,0.20942715923063734,0.10907664543262362,0.28796234394212633,0.15628375052969729,0.19197489596141756,0.157070369422978,0.392675923557445,0.04799372399035439,0.1483442377883681,0.2792362123075165,0.22251635668255218,0.20070102759602745,0.314140738845956,0.19197489596141756,0.31850380466326095,0.09663494864297834,0.20697168013120454
0.3280031342083639,0.06983549315433013,0.20304955927184434,0.296764740474234,0.1561919686706495,0.3592415279424938,0.06394001096240753,0.1874303624047794,0.3280031342083639,0.3748607248095588,0.14057277180358455,0.1249535749365196,0.07809598433532475,0.3280031342083639,0.1874303624047794,0.17181116553771444,0.1874303624047794,0.23428795300597424,0.06918805951113145,0.09458695661635419
0.39211339037745063,0.019056421557287966,0.23867771588192646,0.2557261241592069,0.2812987365751276,0.24720192002056668,0.16575302340248685,0.14491147035688393,0.24720192002056668,0.2557261241592069,0.06819363310912184,0.23015351174328622,0.2557261241592069,0.18753249105008507,0.17900828691144485,0.21310510346600575,0.2812987365751276,0.24720192002056668,0.07551901013206185,0.16346649302076
0.44181666730201524,0.0,0.28946609237028587,0.24376091989076704,0.045705172479518816,0.24376091989076704,0.07795933358619597,0.18282068991807526,0.2742310348771129,0.44181666730201524,0.01523505749317294,0.13711551743855646,0.21329080490442115,0.18282068991807526,0.1980557474112482,0.16758563242490235,0.12188045994538352,0.28946609237028587,0.08435805578421161,0.1383910198218662
0.3385485528735066,0.0445204504880028,0.19914620757265092,0.3584631736307717,0.23897544908718113,0.23897544908718113,0.04076205327230106,0.19914620757265092,0.2987193113589764,0.31863393211624147,0.019914620757265092,0.11948772454359056,0.23897544908718113,0.11948772454359056,0.11948772454359056,0.21906082832991602,0.19914620757265092,0.39829241514530184,0.08821541708080076,0.1205992462756214
0.29775572839618386,0.07280575355610462,0.19540219675999568,0.2791459953714224,0.14887786419809193,0.26984112885904166,0.19997856978897957,0.28845086188380314,0.2419265293218994,0.40941412654475284,0.07443893209904597,0.1767924637352342,0.1581827307104727,0.16748759722285345,0.19540219675999568,0.21401192978475717,0.23262166280951865,0.3163654614209454,0.05152198793262193,0.12208851244654122
0.35724799357705544,0.0651960402845246,0.10207085530773012,0.20414171061546024,0.2916310151649432,0.35724799357705544,0.03730763668846154,0.4082834212309205,0.1458155075824716,0.2551771382693253,0.16039705834071877,0.1531062829615952,0.1458155075824716,0.16768783371984236,0.16768783371984236,0.34266644281880826,0.1531062829615952,0.21143248599458384,0.11303533196182797,0.1545305377247712
0.38943354010861936,0.15829171078146345,0.1416121964031343,0.12391067185274252,0.21241829460470146,0.3186274419070522,0.16304489198337013,0.1593137209535261,0.37173201555822755,0.24782134370548503,0.08850762275195895,0.10620914730235073,0.21241829460470146,0.12391067185274252,0.4248365892094029,0.1770152455039179,0.07080609820156715,0.2832243928062686,0.039206053437125445,0.1071971464948867
0.2499153206410894,0.07981460164663867,0.19636203764657026,0.232064226309583,0.19189926406369365,0.2722291885554724,0.09134585927832449,0.232064226309583,0.276691962138349,0.3302452451328681,0.08032992449177874,0.2499153206410894,0.28115473572122557,0.18297371689794045,0.232064226309583,0.3079313772184852,0.22313867914382984,0.29900583005273196,0.02965299498412622,0.09909433721236531
0.3448689987092277,0.05256664312922426,0.1959482947211521,0.28216554439845903,0.15675863577692167,0.36054486228691984,0.08823648130621754,0.21946209008769035,0.22730002187653645,0.41541038480884246,0.13324484041038342,0.1018931132549991,0.12540690862153733,0.07837931788846084,0.18027243114345992,0.2978414079761512,0.21162415829884426,0.32135520334268947,0.03471953748110836,0.07119758977205723
0.32208288002067476,0.04114500335570978,0.33128524802126547,0.3404876160218562,0.11963078400767921,0.23926156801535842,0.03767155993011349,0.25766630401653984,0.28527340801831197,0.41410656002658186,0.1104284160070885,0.16564262401063273,0.15644025601004202,0.16564262401063273,0.220856832014177,0.18404736001181415,0.20245209601299557,0.23926156801535842,0.0,0.06501580428808718
0.2638033262313233,0.018429680175693734,0.2555594722865944,0.30502259595496756,0.1401455170603905,0.32151030384442525,0.05905849085252141,0.3297541577891541,0.16487707889457706,0.3709734275127984,0.12365780917093279,0.1566332249498482,0.19785249467349247,0.14838937100511934,0.24731561834186558,0.23082791045240786,0.2720471801760521,0.23907176439713673,0.009129410785065493,0.15809028871229616
0.297691056781976,0.0,0.20114260593376754,0.2815996483072746,0.13677697203496195,0.20918831017111825,0.06587309469429373,0.24941683135787177,0.2815996483072746,0.49078795847839285,0.10459415508555912,0.10459415508555912,0.08850274661085772,0.16091408474701405,0.16895978898436476,0.3861938033928337,0.22527971864581967,0.23332542288317035,0.026729927360569904,0.05684383976187964
0.26360165799795515,0.10248676921078612,0.19483600808544513,0.19483600808544513,0.045843766608340025,0.2979844829542102,0.09383488038607883,0.19483600808544513,0.28652354130212515,0.42405484112714525,0.10314847486876506,0.1489922414771051,0.10314847486876506,0.13753129982502008,0.10314847486876506,0.3094454246062952,0.20629694973753013,0.4698986077354853,0.07615247312268529,0.08097289082128796
0.20441202659850677,0.035152045479377274,0.1651020214834093,0.14151601841435082,0.1808260235294483,0.2594460337596432,0.06436904994242366,0.400962052173994,0.2673080347826627,0.5031680654732474,0.07862001023019491,0.1651020214834093,0.11793001534529236,0.09434401227623389,0.14937801943737034,0.31448004092077964,0.1808260235294483,0.22013602864454573,0.06965231302055615,0.23805409330941385
0.41105334310445407,0.09910103902729446,0.1773171283979998,0.2901553010149088,0.1773171283979998,0.3385145178507269,0.08248633825766981,0.25791582312436334,0.30627503996018146,0.2659756925969997,0.11283817261690897,0.16925725892536345,0.20149673681590888,0.13701778103481804,0.11283817261690897,0.23373621470645428,0.20955660628854522,0.30627503996018146,0.053553975931430665,0.11388783760588936
0.24598206506453651,0.04230070452382517,0.2081386704392232,0.1702952758139099,0.2081386704392232,0.4162773408784464,0.07745939460880685,0.11353018387593992,0.18921697312656655,0.3405905516278198,0.11353018387593992,0.18921697312656655,0.3027471570025065,0.05676509193796996,0.11353018387593992,0.3027471570025065,0.26490376237719315,0.3973556435657898,0.020954270742310453,0.03819542874179286
0.3412715250115384,0.03973620012609175,0.19196523281899033,0.2630634671963942,0.1635259390680288,0.2915027609473557,0.08731604942668113,0.23462417344543265,0.2061848796944711,0.39815011251346144,0.07109823437740383,0.19907505625673072,0.19196523281899033,0.14930629219254804,0.1279768218793269,0.2488438203209134,0.3270518781360576,0.3057224078228365,0.05511493707350896,0.12199135072100538
0.25713010330991704,0.13472609411081182,0.2008828932108727,0.3294479448658312,0.2169535246677425,0.27320073476678686,0.08223505026143499,0.2089182089393076,0.2249888403961774,0.4258717336070501,0.06428252582747926,0.2008828932108727,0.18481226175400287,0.14463568311182834,0.1205297359265236,0.3133773134089614,0.2410594718530472,0.26516541903835195,0.026695414025190916,0.1459811410291165
0.29245500346772885,0.07543874805439756,0.20246884855458153,0.22496538728286836,0.022496538728286834,0.29245500346772885,0.06907024150210925,0.40493769710916305,0.4499307745657367,0.2474619260111552,0.0674896161848605,0.08998615491314733,0.269958464739442,0.11248269364143418,0.15747577109800784,0.15747577109800784,0.22496538728286836,0.3149515421960157,0.02491312251158769,0.022705810365080303
0.4783311541533526,0.07963176908021045,0.23407694777717256,0.19336791338114254,0.12212710318809002,0.23407694777717256,0.04166245114433194,0.25443146497518754,0.26460872357419507,0.24425420637618003,0.11194984458908253,0.15265887898511252,0.24425420637618003,0.10177258599007502,0.19336791338114254,0.24425420637618003,0.25443146497518754,0.36638130956427006,0.03381150674397431,0.06163158872832826
0.32393115323320204,0.0,0.2572394452146016,0.27629421893420175,0.1429108028970009,0.26676683207440166,0.0877546878528889,0.17149296347640108,0.19054773719600118,0.24771205835480153,0.02858216057940018,0.08574648173820054,0.4001502481116025,0.1429108028970009,0.20007512405580125,0.36204070067240224,0.37156808753220233,0.12385602917740077,0.0422032844999467,0.10577615788757254
0.25186326474685056,0.06624199638566164,0.2814942370700095,0.26667875090843,0.10370840313105611,0.2814942370700095,0.12129975128007939,0.20741680626211223,0.25186326474685056,0.48891104333212165,0.05926194464631778,0.23704777858527112,0.1629703477773739,0.17778583393895334,0.20741680626211223,0.19260132010053277,0.20741680626211223,0.19260132010053277,0.09844181621096926,0.2093462788387254
0.37895987319315116,0.10688843711350059,0.2054175013570352,0.23729263087795446,0.14875060443095653,0.3222929762670725,0.09424033318474043,0.27270944145675363,0.3258346573249524,0.33291801944071225,0.09562538856275776,0.19833413924127538,0.22666758770431472,0.15583396654671636,0.14520892337307661,0.16645900972035613,0.23729263087795446,0.2443759929937143,0.054909810447143215,0.1680074767909547
0.3043518221768257,0.11339976790012135,0.2592626633358145,0.21417350449480327,0.09017831768202243,0.3043518221768257,0.08075402878354036,0.23671808391530888,0.3268964015973313,0.34944098101783694,0.05636144855126402,0.15781205594353925,0.18035663536404486,0.06763373826151682,0.15781205594353925,0.2254457942050561,0.2930795324665729,0.3832578501485953,0.049932647493817046,0.11377148975340931
0.21603746726538783,0.04829660319508435,0.23332046464661885,0.24196196333723435,0.18147147250292578,0.2678864594090809,0.15034604431181708,0.24196196333723435,0.24196196333723435,0.49256542536508424,0.11233948297800167,0.2073959685747723,0.1987544698841568,0.2073959685747723,0.23332046464661885,0.19011297119354129,0.18147147250292578,0.1987544698841568,0.04784885314209034,0.21804713261566216
0.3277212135180676,0.04820015959147624,0.18110909168103737,0.1724848492200356,0.19835757660304093,0.3363454559790694,0.10591469501130679,0.2932242436740605,0.3708424258230765,0.28460000121305873,0.07761818214901602,0.13798787937602847,0.2501030313690516,0.13798787937602847,0.1724848492200356,0.22423030398604626,0.24147878890804983,0.3277212135180676,0.047753303651644846,0.06963574840631212
0.41494590404187875,0.02811027225776446,0.20747295202093938,0.27034354354243617,0.08173176897794582,0.3772235491289807,0.019302911404366675,0.24519530693383745,0.25776942523813684,0.31435295760748394,0.06915765067364646,0.10059294643439486,0.1194541238908439,0.10688000558654454,0.18861177456449035,0.2514823660859871,0.2829176618467355,0.33950119421608266,0.0,0.038073263070445
0.35357144845319227,0.061994692858577845,0.25304623271650034,0.26344539296512365,0.16638656397797286,0.3015756472100758,0.09578440289862017,0.2807773267128292,0.24611345921741817,0.3362395147054868,0.10052521573669193,0.17331933747705505,0.19758404472384275,0.14212185673118513,0.21144959172200717,0.22531513872017156,0.19758404472384275,0.3293067412064046,0.030709975007942245,0.11895350296696228
0.29217939266777637,0.06804024343592198,0.23942478010276122,0.27594720418623325,0.15826383769504554,0.32870181675124843,0.07890866623719744,0.2881213455473906,0.22725063874160387,0.32464376963086267,0.04058047120385783,0.15014774345427398,0.14203164921350242,0.12174141361157349,0.2150764973804465,0.34493400523279155,0.25565696858430437,0.2962374397881622,0.04943359906069965,0.13106549338053702
0.34730501322767343,0.08172876883880194,0.27418816833763693,0.21935053467010954,0.2559089571151278,0.29246737956014607,0.07482926144659217,0.2559089571151278,0.23762974589261868,0.34730501322767343,0.1279544785575639,0.18279211222509129,0.20107132344760043,0.1279544785575639,0.23762974589261868,0.20107132344760043,0.21935053467010954,0.27418816833763693,0.040485537273247704,0.1475940129828662
0.0621516095477206,0.1389440295823628,0.34183385251246334,0.310758047738603,0.1553790238693015,0.2486064381908824,0.15901804321450724,0.2796822429647427,0.310758047738603,0.4350612668340442,0.1243032190954412,0.2486064381908824,0.0621516095477206,0.18645482864316182,0.2175306334170221,0.0621516095477206,0.2175306334170221,0.2175306334170221,0.10324192634628289,0.1254595364486566
0.31398429524911403,0.020645077570116757,0.2031663086906032,0.27088841158747096,0.12313109617612315,0.33861051448433865,0.08821040214847818,0.22779252792582783,0.33861051448433865,0.30782774044030786,0.16622697983776627,0.15391387022015393,0.17854008945537858,0.233949082734634,0.24010563754344016,0.22779252792582783,0.25241874716105245,0.22163597311702168,0.08181472148419108,0.1429179864789487
0.1771066544105648,0.09898340690099357,0.1771066544105648,0.23841280401422188,0.26565998161584725,0.28609536481706627,0.1254839128760348,0.1907302432113775,0.16348306560975215,0.4700138136280374,0.10898871040650142,0.12942409360772045,0.3337779256199106,0.1907302432113775,0.2452245984146282,0.23160100961381552,0.2111656264125965,0.2111656264125965,0.06789167143606811,0.1856293304396544
0.08434835531224066,0.11604081311204874,0.26602173598475903,0.253045065936722,0.2206033908166294,0.1622083756004628,0.07968352331322041,0.3179284161769071,0.39578843646512923,0.3244167512009256,0.1103016954083147,0.4152534415371848,0.12327836545635174,0.12327836545635174,0.12327836545635174,0.1622083756004628,0.16869671062448133,0.22709172584064793,0.04311188151260319,0.24885029843718978
0.27668663537112964,0.04706368240162707,0.2105224399562943,0.24059707423576493,0.17443287882092956,0.3067612696506003,0.06771377901420901,0.21653736681218844,0.2586418548034473,0.3729254650654356,0.1022537565502001,0.2105224399562943,0.22856722052397668,0.1563880982532472,0.27067170851523553,0.2827015622270238,0.25262692794755315,0.24661200109165904,0.05328841435352335,0.15784288175091138
0.3097962274622977,0.06630988740658134,0.2966134092724127,0.24388213651287263,0.13841959099379259,0.23069931832298762,0.10793250725382098,0.24388213651287263,0.2043336819432176,0.41525877298137776,0.12523677280390758,0.2175165001331026,0.23729072741793014,0.1516024091836776,0.1845594546583901,0.29002200017747015,0.24388213651287263,0.23069931832298762,0.07299459898682874,0.12640177444029047
0.31972202067801825,0.07147597016793364,0.20515496326839505,0.2611063168870482,0.1305531584435241,0.3836664248136219,0.0708954995824107,0.2584419667147314,0.20781931344071186,0.36235162343508737,0.11723140758194002,0.18117581171754368,0.19449756257912776,0.15186795982205867,0.20515496326839505,0.279756768093266,0.19183321240681095,0.30373591964411734,0.04720888528384098,0.11294367016000371
0.27744935098597584,0.07753204444649936,0.20808701323948187,0.2543285717371445,0.20808701323948187,0.3699324679813011,0.04732454847748772,0.16184545474181922,0.30057013023480716,0.41617402647896373,0.06936233774649396,0.13872467549298792,0.20808701323948187,0.06936233774649396,0.1156038962441566,0.20808701323948187,0.18496623399065054,0.41617402647896373,0.025604419104048263,0.0
0.3571933435449229,0.017745095993950993,0.17462785684418453,0.12700207770486147,0.11112681799175378,0.42069438239735363,0.008123531324356722,0.23812889569661524,0.22225363598350756,0.33338045397526134,0.11906444784830762,0.26987941512283065,0.15081496727452298,0.2460665255531691,0.10318918813519995,0.3254428241187075,0.19844074641384604,0.30162993454904596,0.0,0.04005734403143804
0.3258192720272976,0.013006973391500917,0.18618244115845578,0.2443644540204732,0.09309122057922789,0.407274090034122,0.023817860622889996,0.3141828694548941,0.20945524630326273,0.5003653106133499,0.09309122057922789,0.15127323344124533,0.12800042829643835,0.18618244115845578,0.2327280514480697,0.1629096360136488,0.10472762315163137,0.20945524630326273,0.0902047148084825,0.07046789374985243
0.5283051062466645,0.033175869967031736,0.20776043504082314,0.2849285966274146,0.1543363231731829,0.3442887209247926,0.10935063843380899,0.18995239775160971,0.20776043504082314,0.2968006214868902,0.1305922734542317,0.1305922734542317,0.1780803728921341,0.13652828588396948,0.16620834803265852,0.21963245990029875,0.19588841018134753,0.22556847233003655,0.07231026396832278,0.13779832560877475
0.327732908222743,0.08547799984213293,0.28403518712637726,0.21848860548182866,0.0983198724668229,0.4260527806895659,0.10062255084010116,0.18571531465955438,0.15294202383728006,0.4369772109636573,0.07647101191864003,0.14201759356318863,0.17479088438546295,0.1638664541113715,0.1310931632890972,0.1966397449336458,0.28403518712637726,0.2731107568522858,0.04839174116070133,0.09923448252701787
0.3913430069089476,0.06729793449932008,0.3311363904614172,0.1806198493425912,0.1204132328950608,0.2709297740138868,0.09242500787081005,0.301033082237652,0.301033082237652,0.4816529315802432,0.0903099246712956,0.150516541118826,0.1806198493425912,0.1806198493425912,0.0903099246712956,0.0903099246712956,0.1806198493425912,0.1806198493425912,0.06667402615494349,0.09115002305189195
0.4285494315516445,0.0,0.22359100776607538,0.22359100776607538,0.11179550388303769,0.24222359174658167,0.05720689261960548,0.14906067184405025,0.3353865116491131,0.35401909562961936,0.09316291990253141,0.07453033592202513,0.09316291990253141,0.18632583980506282,0.26085617572708797,0.22359100776607538,0.22359100776607538,0.3912842635906319,0.04126820156828178,0.037611823186012965
0.4227124003520655,0.09450015001502564,0.2641952502200409,0.22192401018483437,0.13738153011442128,0.2853308702376442,0.09733779915288172,0.27476306022884256,0.1690849601408262,0.3698733503080573,0.12681372010561964,0.14794934012322292,0.19022058015842946,0.15851715013202455,0.19022058015842946,0.24305963020243765,0.2007883901672311,0.24305963020243765,0.1521390882352234,0.15999173890626356
0.43818960435811394,0.03498577901089159,0.18779554472490598,0.23474443090613248,0.10954740108952848,0.3599414607227365,0.04804844196935562,0.20344517345198146,0.20344517345198146,0.42253997563103846,0.18779554472490598,0.17214591599783047,0.10954740108952848,0.062598514908302,0.21909480217905697,0.14084665854367948,0.21909480217905697,0.32864220326858545,0.01733071573576174,0.07897603859257087
0.39745004326762773,0.11106572897136247,0.2608265908943807,0.21114533548592723,0.17388439392958713,0.2608265908943807,0.07626720604968303,0.1490437662253604,0.09936251081690693,0.4843922402324213,0.12420313852113367,0.09936251081690693,0.23598596319015397,0.23598596319015397,0.2235656493380406,0.16146408007747376,0.23598596319015397,0.1490437662253604,0.06877253527028104,0.22564534479398812
0.4795235525767259,0.041976161442670475,0.17043306989172788,0.2599826489873815,0.08377218689593405,0.28020352168640006,0.070952403710937,0.19932003089032582,0.11554784399439179,0.45063659157812797,0.07799479469621445,0.14154610889312993,0.20509742309004542,0.210874815289765,0.2513165606878021,0.20220872699018563,0.19065394259074644,0.23976177628836295,0.038388006637161305,0.11370714752524856
0.26347946744179546,0.04530967368464882,0.25334564177095714,0.33441624713766344,0.25334564177095714,0.25334564177095714,0.10371162646826386,0.25334564177095714,0.24321181610011885,0.36481772415017827,0.11147208237922114,0.14187355939173601,0.1520073850625743,0.22294416475844228,0.22294416475844228,0.23307799042928057,0.2026765134167657,0.25334564177095714,0.06733442246327971,0.19433379543159726
0.37820809527643184,0.07926648615898288,0.14970737104692095,0.2994147420938419,0.09455202381910796,0.3860874305946908,0.08063871511990177,0.2127420535929929,0.18910404763821592,0.3939667659129498,0.12606936509214395,0.1812247123199569,0.15758670636517993,0.16546604168343892,0.2521387301842879,0.2285007242295109,0.18910404763821592,0.2678974008208059,0.03490294190845328,0.11133684785030468
0.47694404161650195,0.026219014361130392,0.1094625669283775,0.11728132170897589,0.25020015297914855,0.39093773902991963,0.08001872161525887,0.34402521034632927,0.16419385039256623,0.34402521034632927,0.11728132170897589,0.12510007648957427,0.17983135995376304,0.07036879302538553,0.0938250573671807,0.218925133856755,0.15637509561196786,0.3127501912239357,0.05195188417821377,0.11048083070777004
0.2925319206917315,0.03503434482184243,0.17760866613426554,0.27163678349946496,0.11492325455746594,0.2925319206917315,0.10692253517462627,0.2193989405187986,0.156713528941999,0.4179027438453307,0.11492325455746594,0.13581839174973248,0.20895137192266536,0.22984650911493187,0.2507416463071984,0.17760866613426554,0.14626596034586575,0.4492454496337305,0.0231396980244263,0.06326853588948574
0.4051722687039379,0.041172244406879235,0.20258613435196896,0.23941997696141787,0.1473353704377956,0.3499215047897646,0.037696501303500135,0.20258613435196896,0.1473353704377956,0.3499215047897646,0.1841692130472445,0.09208460652362226,0.11050152782834671,0.20258613435196896,0.22100305565669343,0.38675534739921347,0.23941997696141787,0.22100305565669343,0.04079054314021668,0.05576472821499578
0.40871554427452955,0.030122327591151733,0.2739741560521572,0.28744829487439444,0.16168966586684685,0.35931036859299303,0.10112451688659481,0.18414656390390893,0.2110948415483834,0.34134485016334337,0.09431897175566067,0.14821552704460964,0.09881035136307309,0.15719828625943447,0.24702587840768273,0.22456898037062065,0.18863794351132135,0.3054138133040441,0.03979075777192969,0.08159688331408926
0.503693078156609,0.0,0.21368797255128869,0.16789769271886967,0.06105370644322534,0.30526853221612665,0.03124180049477321,0.16789769271886967,0.35105881204854567,0.2594782523837077,0.10684398627564434,0.18316111932967602,0.10684398627564434,0.137370839497257,0.16789769271886967,0.12210741288645068,0.19842454594048234,0.4426393717133837,0.0,0.04621623899553738
0.32895724710767554,0.020427935015176923,0.14620322093674468,0.31068184449058245,0.07310161046837234,0.27413103925639626,0.05611025267294641,0.14620322093674468,0.36550805234186173,0.3837834549589548,0.07310161046837234,0.14620322093674468,0.10965241570255851,0.16447862355383777,0.40205885757604787,0.20102942878802393,0.10965241570255851,0.29240644187348935,0.020238550909867117,0.14756326070639325
0.4099217785144546,0.03272882928353934,0.17568076222048054,0.2635211433307208,0.08784038111024027,0.3220813974042143,0.0,0.2635211433307208,0.3513615244409611,0.29280127036746756,0.17568076222048054,0.08784038111024027,0.14640063518373378,0.14640063518373378,0.23424101629397406,0.2049608892572273,0.17568076222048054,0.3513615244409611,0.0,0.088657506826935
0.5269025984644309,0.0,0.18914452252569314,0.22292033011956694,0.08106193822529706,0.18238936100691838,0.05530695403091564,0.20941000708201743,0.1215929073379456,0.33775807593873775,0.1215929073379456,0.16212387645059412,0.08106193822529706,0.26345129923221544,0.21616516860079218,0.33775807593873775,0.2431858146758912,0.27696162226976495,0.0299232105943818,0.08181600820463698
0.21240775249637261,0.06783593782352718,0.15171982321169472,0.18206378785403368,0.09103189392701684,0.36412757570806736,0.03105462861482337,0.36412757570806736,0.3337836110657284,0.24275171713871158,0.12137585856935579,0.18206378785403368,0.15171982321169472,0.09103189392701684,0.36412757570806736,0.18206378785403368,0.15171982321169472,0.42481550499274523,0.0,0.03062623611637334
0.66841277431826,0.022640619998453626,0.12152959533059271,0.3038239883264818,0.12152959533059271,0.18229439299588907,0.02072930862960574,0.10127466277549393,0.24305919066118542,0.3038239883264818,0.12152959533059271,0.060764797665296355,0.10127466277549393,0.060764797665296355,0.24305919066118542,0.12152959533059271,0.18229439299588907,0.3038239883264818,0.0,0.06133005567322498
0.4535715080214593,0.0,0.10308443364124074,0.2886364141954741,0.10308443364124074,0.2061688672824815,0.06329921960622308,0.10308443364124074,0.2886364141954741,0.3298701876519704,0.10308443364124074,0.14431820709773704,0.14431820709773704,0.10308443364124074,0.39172084783671485,0.3092533009237223,0.10308443364124074,0.3298701876519704,0.0456631156527684,0.08323469241627501
0.4474686200577763,0.0463122993045513,0.22373431002888816,0.09115101519695444,0.1574426626129213,0.3065988692988467,0.059363688979135965,0.23202076595588403,0.14915620668592544,0.36460406078781776,0.11601038297794201,0.17401557446691301,0.1988749422479006,0.2568801337368716,0.2154478541018923,0.26516658966386747,0.22373431002888816,0.2734530455908633,0.03670635633143744,0.12545309690711592
0.5257468037245389,0.04371105557260085,0.21725074534071856,0.23463080496797603,0.1346954621112455,0.269390924222491,0.08893552694740478,0.26070089440886224,0.2824259689429341,0.3128410732906347,0.0912453130431018,0.14773050683168862,0.1781456111793892,0.10428035776354491,0.13904047701805988,0.21725074534071856,0.21290573043390418,0.2737359391293054,0.024058787441828065,0.12279215036483258
0.45099683757068837,0.03150728838569956,0.26777937230759624,0.21140476761126017,0.21140476761126017,0.29596667465576426,0.15866101184091783,0.19731111643717616,0.25368572113351223,0.3805285817002683,0.11274920939267209,0.16912381408900815,0.26777937230759624,0.11274920939267209,0.09865555821858808,0.21140476761126017,0.16912381408900815,0.18321746526309216,0.0468227840615384,0.17069707021621222
0.369075449423702,0.012133714007149106,0.184537724711851,0.26052384665202494,0.13026192332601247,0.5210476933040499,0.08887512885945466,0.28223416720636035,0.1736825644346833,0.28223416720636035,0.07598612194017394,0.20624804526618642,0.09769644249450936,0.043420641108670825,0.19539288498901872,0.1736825644346833,0.184537724711851,0.3256548083150312,0.0,0.08764911392382614
0.3777942386131896,0.00861820389572537,0.23130259506929976,0.3161135465947097,0.13107147053926987,0.34695389260394965,0.05523461189653575,0.32382363309701967,0.24672276807391974,0.23901268157160976,0.12336138403695987,0.2004622490600598,0.13878155704157985,0.0848109515254099,0.2004622490600598,0.1927521625577498,0.26214294107853975,0.33153371959932965,0.01707661182255258,0.0466908525264893
0.3231624592895664,0.030102126229572826,0.2782787843882377,0.28725551936850346,0.1705579646250489,0.3590693992106293,0.05512183544998191,0.22441837450664331,0.2782787843882377,0.36804613419089505,0.08976734980265733,0.23339510948690906,0.134651024703986,0.11669755474345453,0.15260449466451745,0.24237184446717477,0.1885114345855804,0.22441837450664331,0.02982305425094772,0.21744576225306456
0.30483455597954917,0.04130168428554984,0.2955971451922901,0.3694964314903626,0.24017268046873572,0.2955971451922901,0.13235254873217328,0.2124604481069585,0.2586475020432538,0.3140719667668082,0.14779857259614504,0.20322303731969943,0.16627339417066317,0.10161151865984971,0.2124604481069585,0.22169785889421756,0.24017268046873572,0.20322303731969943,0.07160787025447464,0.09323340809585239
0.4146745997102806,0.0,0.13415942931803196,0.3293004174169875,0.09757049404947779,0.42687091146646533,0.03744585816552607,0.3049077939046181,0.28051517039224866,0.3049077939046181,0.09757049404947779,0.17074836458658613,0.2073372998551403,0.09757049404947779,0.13415942931803196,0.18294467634277087,0.17074836458658613,0.23172992336750975,0.0,0.13540743300890018
0.3340689626048932,0.042676185044465874,0.20044137756293592,0.27679999758691154,0.1336275850419573,0.37224827261688104,0.04884184990193069,0.3054344800959024,0.25771034258091763,0.29588965259290545,0.14317241254495425,0.18135172255694204,0.16226206755094813,0.14317241254495425,0.190896550059939,0.24816551507792067,0.23862068757492375,0.29588965259290545,0.05285067623205942,0.13487064130853427
0.2648057456806677,0.022768874635860692,0.30554509117000117,0.28517541842533445,0.06110901823400024,0.24443607293600095,0.08338694426350428,0.32591476391466795,0.14258770921266722,0.32591476391466795,0.08147869097866699,0.08147869097866699,0.14258770921266722,0.10184836372333374,0.36665410940400145,0.10184836372333374,0.20369672744666747,0.4685024731273352,0.0,0.04111831887788092
0.5136314340750726,0.009568808393149605,0.22257362143253148,0.33386043214879724,0.09416576291376332,0.2568157170375363,0.08761013718383495,0.2396946692350339,0.325299908247546,0.2482551931362851,0.06848419121000969,0.14552890632127058,0.21401309753128028,0.06848419121000969,0.11984733461751695,0.11984733461751695,0.17121047802502423,0.35954200385255086,0.018960195014096466,0.06048110079183039
0.30681497228894394,0.042869071388745614,0.29403101511023794,0.23011122921670796,0.21732727203800195,0.3707347581824739,0.14391697057425468,0.11505561460835398,0.07670374307223599,0.20454331485929597,0.19175935768058996,0.21732727203800195,0.16619144332317798,0.11505561460835398,0.17897540050188396,0.29403101511023794,0.25567914357411997,0.38351871536117993,0.07078606518600364,0.19354317852240782
0.37096715309229655,0.01884821775055971,0.3372428664475423,0.3035185798027881,0.23607000651327964,0.25293214983565676,0.12942794507042585,0.21077679152971396,0.21920786319090252,0.3288117947863538,0.08431071661188558,0.13489714657901694,0.2697942931580339,0.12646607491782838,0.16019036156258262,0.2613632214968453,0.17705250488495972,0.2445010781744682,0.0373469579006941,0.1361520128055206
0.45688618653743146,0.062280442504546195,0.2117277449807609,0.30087626918318655,0.10029208972772886,0.3343069657590962,0.12545005974117893,0.24515844155667055,0.18944061393015452,0.2785891381325802,0.1448663518289417,0.11143565525303206,0.1782970484048513,0.11143565525303206,0.1782970484048513,0.2897327036578834,0.1782970484048513,0.31201983470848976,0.012340610104553864,0.13496672816973357
0.1696308635478023,0.15513586494338963,0.1696308635478023,0.2313148139288213,0.18505185114305706,0.2313148139288213,0.12625721082636243,0.3084197519050951,0.5705765410244259,0.1696308635478023,0.046262962785764264,0.27757777671458556,0.09252592557152853,0.046262962785764264,0.18505185114305706,0.3546827146908593,0.15420987595254754,0.12336790076203803,0.0853875695835793,0.12451551741685184
0.456885248378896,0.023480394477222208,0.32559638390220175,0.18905596484643972,0.1207857553185587,0.3150932747440662,0.07524366398259665,0.21531373774177856,0.136540419055762,0.34135104763940505,0.09977953700228763,0.15229508279296533,0.18905596484643972,0.136540419055762,0.2415715106371174,0.17855285568830417,0.252074619795253,0.30984172016499845,0.058156778775971245,0.08480650562959725
0.4551833196863668,0.05985837563049142,0.20081617044986771,0.20081617044986771,0.09371421287660493,0.3346936174164462,0.08220773609088954,0.21420391514652556,0.04016323408997354,0.34808136211310403,0.026775489393315696,0.06693872348328923,0.24097940453984126,0.10710195757326278,0.2811426386298148,0.14726519166323632,0.24097940453984126,0.41502008559639325,0.0,0.08107369652813379
0.4310543365232394,0.012679611179257757,0.15880949240329872,0.10209181654497775,0.15880949240329872,0.4310543365232394,0.03482761162762133,0.11343535171664194,0.06806121102998516,0.30627544963493325,0.11343535171664194,0.2382142386049481,0.31761898480659745,0.1928400979182913,0.17015302757496292,0.26090130894827646,0.2268707034332839,0.2041836330899555,0.13818266594047926,0.1946339722301662
0.3542641487229049,0.02862581606629251,0.28597226463174247,0.23048510880767306,0.15365673920511536,0.37560536250139315,0.08299591725703354,0.20914389502918482,0.15365673920511536,0.29450875014313777,0.07256012684686003,0.19207092400639422,0.24755807983046366,0.1323155254266271,0.19633916676209187,0.21768038054058012,0.24755807983046366,0.34999590596720725,0.047267384536887766,0.14216227165104436
0.32727507422121943,0.028140194304435606,0.2454563056659146,0.3902125884945309,0.22028129995659002,0.1447562828286163,0.11594075060802328,0.3587438313578752,0.2454563056659146,0.352450079930544,0.10699377426462943,0.22028129995659002,0.10699377426462943,0.13846253140128514,0.1888125428199343,0.19510629424726544,0.20140004567459657,0.20140004567459657,0.041818966622476805,0.1905689512328152
0.3201103409832399,0.0,0.15365296367195516,0.1707255151910613,0.11097158487418984,0.3073059273439103,0.04804908723206758,0.20913875610905008,0.3414510303821226,0.25182013490681543,0.042681378797765325,0.20060248034949701,0.12804413639329598,0.14938482579217863,0.1579211015517317,0.29876965158435725,0.41827751221810017,0.25182013490681543,0.1087123131753132,0.25847050645626646
0.33654680599243164,0.09175275864455615,0.1805860910203292,0.2708791365304938,0.1149184215583913,0.29550451257872046,0.06720562428734324,0.24625376048226708,0.24625376048226708,0.38579755808888505,0.10670996287564906,0.28729605389597823,0.139543797606618,0.13133533892387578,0.10670996287564906,0.15596071497210248,0.24625376048226708,0.40221447545436956,0.009090213355236274,0.09113298687417627
0.5355381673228432,0.0,0.27700250033940166,0.166201500203641,0.1846683335596011,0.29546933369536177,0.18899331656911955,0.166201500203641,0.22160200027152133,0.3693366671192022,0.03693366671192022,0.22160200027152133,0.11080100013576066,0.1846683335596011,0.07386733342384044,0.14773466684768088,0.12926783349172077,0.22160200027152133,0.14315381630407836,0.16774757181960084
0.46147567225745617,0.018757442829727623,0.2265426027445694,0.2684949365861563,0.09229513445149123,0.327228203964378,0.08586973800765316,0.2601044698178389,0.35239960426933015,0.3188377371960606,0.15102840182971292,0.1594188685980303,0.10068560121980862,0.109076067988126,0.12585700152476076,0.17619980213466507,0.24332353628120415,0.2265426027445694,0.027875318383844723,0.13549629095706184
0.3781195032344357,0.02726810104298524,0.14636883996171704,0.26834287326314793,0.1951584532822894,0.3659220999042926,0.04993227944304725,0.3171324865837203,0.21955325994257557,0.32932988991386336,0.10977662997128779,0.17076364662200322,0.20735585661243247,0.14636883996171704,0.1829610499521463,0.17076364662200322,0.23175066327271865,0.2927376799234341,0.04052295428518704,0.14773042038456827
0.3945561208713615,0.009587568228791248,0.2144326743866095,0.2230099813620739,0.18870075346021636,0.20585536741114513,0.026334569570390372,0.36024689296950396,0.30020574414125334,0.3259376650676465,0.1286596046319657,0.3087830511167177,0.1372369116074301,0.11150499068103695,0.18012344648475198,0.2744738232148602,0.18012344648475198,0.18012344648475198,0.028496050269798005,0.16448483260577165
0.4845550826494861,0.01289589169587315,0.2999626702115866,0.3345737475436928,0.09229620621894974,0.29419415732290227,0.02951806521155148,0.27112010576816487,0.3345737475436928,0.2653515928794805,0.07499066755289666,0.13267579643974026,0.10383323199631846,0.17305538666053075,0.12690728355105588,0.18459241243789948,0.19612943821526818,0.2365090284360587,0.006388167977359334,0.052399564745872644
0.19233171032906093,0.10749256151230095,0.19233171032906093,0.35260813560327836,0.2564422804387479,0.35260813560327836,0.09841808586194005,0.09616585516453047,0.35260813560327836,0.38466342065812187,0.09616585516453047,0.09616585516453047,0.06411057010968697,0.16027642527421745,0.19233171032906093,0.19233171032906093,0.2564422804387479,0.3205528505484349,0.035498671745046576,0.12941390361330413
0.3827202955440392,0.025164603162383784,0.2588990234562618,0.21387310633343368,0.14633423064919146,0.3714638162633322,0.0806407637845528,0.2588990234562618,0.23638606489484773,0.2588990234562618,0.11256479280707035,0.21387310633343368,0.11256479280707035,0.09005183424565628,0.1575907099298985,0.18010366849131257,0.2926684612983829,0.39397677482474625,0.02493130616727177,0.07952834029679957
0.2648683215846418,0.037008164568761506,0.19865124118848135,0.2814225916836819,0.1655427009904011,0.5131823730702435,0.06776790257629822,0.29797686178272204,0.18209697108944123,0.34763967207984237,0.08277135049520055,0.08277135049520055,0.09932562059424067,0.1324341607923209,0.18209697108944123,0.19865124118848135,0.29797686178272204,0.23175978138656156,0.07333013563526194,0.10024958651843628
0.5577246666441152,0.06562264957283195,0.22015447367530863,0.29353929823374486,0.14676964911687243,0.29353929823374486,0.04506211036338479,0.14676964911687243,0.2641853684103704,0.2788623333220576,0.07338482455843622,0.14676964911687243,0.1320926842051852,0.1027387543818107,0.08806178947012346,0.23483143858699587,0.1320926842051852,0.3522471578804938,0.03250713626299997,0.10369447061670728
0.41832865196331176,0.006979114484979004,0.2934544274966515,0.3746226733999807,0.2247736040399884,0.1685802030299913,0.06389940652259653,0.1748239142533243,0.2809670050499855,0.3558915397299816,0.0561934010099971,0.14360535813665926,0.18731133669999034,0.13111793568999322,0.14360535813665926,0.2247736040399884,0.1623364918066583,0.24974844893332043,0.11063059576416244,0.17645019495047135
0.49485642449370376,0.028366262378699287,0.1903293940360399,0.35528153553394115,0.12688626269069328,0.3806587880720798,0.10388637900492009,0.2918384041885945,0.26646115165045586,0.26646115165045586,0.07613175761441597,0.16495214149790124,0.12688626269069328,0.10150901015255462,0.08882038388348529,0.11419763642162395,0.12688626269069328,0.2918384041885945,0.028103283315099273,0.10245328682375644
0.34903955616954846,0.00639590974851401,0.24032231736263993,0.3948152356671942,0.15449291830455425,0.3089858366091085,0.08198357731119954,0.2632101571114628,0.2231564375510228,0.2632101571114628,0.1316050785557314,0.12016115868131996,0.16021487824175995,0.15449291830455425,0.20026859780219994,0.1831027179905828,0.2689321170486685,0.33187367635793136,0.025346457185035275,0.1097285692514529
0.2344720033359737,0.0,0.28332033736430157,0.3810170054209573,0.09769666805665571,0.341938338198295,0.11998170097411219,0.33216867139262946,0.19539333611331142,0.2637810037529704,0.11723600166798685,0.11723600166798685,0.19539333611331142,0.10746633486232128,0.21493266972464256,0.14654500208498358,0.28332033736430157,0.35170800500396054,0.0,0.10846602890719026
0.3895829213563005,0.028400163943925714,0.2964217879884895,0.279483400103433,0.15244549096550888,0.32182936981607435,0.0693403582958708,0.30489098193101777,0.2371374303907916,0.32182936981607435,0.08469193942528272,0.16938387885056544,0.15244549096550888,0.14397629702298062,0.16938387885056544,0.24560662433331987,0.1778530727930937,0.22866823644826334,0.04689478430726372,0.20515146504275897
0.38527447150736105,0.0,0.31768245896221,0.23657204390802872,0.11828602195401436,0.23319244328077116,0.05879878061125037,0.14870242759933233,0.3785152702528459,0.2602292482988316,0.06421241191789351,0.17573923261739277,0.2095352388899683,0.16222083010836255,0.1216656225812719,0.2669884495533467,0.3548580658620431,0.21967404077174096,0.02619846716813687,0.15349675497003465
0.3375956755230604,0.012172861903568834,0.07623128156972332,0.043560732325556184,0.08712146465111237,0.32670549244167135,0.05572617077665786,0.22869384470916995,0.16335274622083568,0.19602329546500283,0.05445091540694523,0.3811564078486166,0.10890183081389046,0.14157238005805758,0.10890183081389046,0.47916805558111797,0.32670549244167135,0.21780366162778092,0.060300046277591446,0.252804220333262
0.2719222368916756,0.0,0.1972769169606274,0.12796340559608266,0.06664760708129305,0.2319336726428998,0.046381788373826366,0.14395883129559298,0.3652288868054859,0.15995425699510332,0.021327234266013774,0.3705606953719893,0.11463388417982404,0.23993138549265497,0.05598398994828616,0.3785584082217445,0.38922202535475137,0.25059500262566187,0.05314097491484356,0.24216332145252054
0.4624693524266965,0.027207389297555507,0.23529142491884558,0.25151841974083494,0.08113497410994676,0.2596319171518296,0.0996422129417624,0.16226994821989352,0.10547546634293078,0.3975613731387391,0.08113497410994676,0.08924847152094142,0.30019940420680297,0.0973619689319361,0.3651073834947604,0.12170246116492013,0.17849694304188285,0.28397240938481366,0.053910307920409434,0.09826766819731694
0.36371027087674784,0.013781327819661583,0.2280894919057571,0.308229043115888,0.154114521557944,0.3575456900144301,0.05678061332842114,0.24658323449271038,0.2280894919057571,0.31439362397820575,0.154114521557944,0.16027910242026175,0.22192491104343937,0.13562077897099073,0.26507697707966366,0.19726658759416832,0.16644368328257952,0.308229043115888,0.034133908355955936,0.06221926214097622
0.4658678050768786,0.030631713492553506,0.10961595413573613,0.41105982800901053,0.027403988533934033,0.1644239312036042,0.028045797459794356,0.24663589680540632,0.43846381654294453,0.27403988533934037,0.027403988533934033,0.0822119656018021,0.10961595413573613,0.10961595413573613,0.027403988533934033,0.0822119656018021,0.027403988533934033,0.43846381654294453,0.0,0.1106356447831609
0.1129894177650118,0.042099218128807396,0.30130511404003146,0.20714726590252164,0.15065255702001573,0.2259788355300236,0.05781783045584088,0.3954629621775413,0.3954629621775413,0.33896825329503544,0.03766313925500393,0.20714726590252164,0.13182098739251377,0.1129894177650118,0.1129894177650118,0.28247354441252953,0.16948412664751772,0.26364197478502754,0.02085446151880883,0.2851012242393703
0.4026196096672265,0.0,0.2651397429515882,0.2749597334312766,0.19639980959376901,0.3436996667890958,0.14069968289221138,0.22585978103283438,0.2651397429515882,0.31423969535003043,0.11783988575626142,0.049099952398442254,0.2749597334312766,0.10801989527657296,0.21603979055314593,0.11783988575626142,0.1374798667156383,0.2945997143906535,0.02174971259694167,0.15858143819313109
0.43792595939753803,0.04319172426071596,0.27048368080436175,0.2962440313571581,0.15456210331677814,0.2318431549751672,0.03954549753965938,0.2833638560807599,0.27048368080436175,0.2962440313571581,0.1159215774875836,0.20608280442237084,0.15456210331677814,0.09016122693478724,0.27048368080436175,0.1803224538695745,0.10304140221118542,0.32200438190995445,0.014263766906868825,0.12999991724378654
0.2583658777237887,0.04375712047153372,0.22704880163605676,0.34448783696505164,0.14092684239479383,0.3992927201185826,0.03205053059710253,0.2583658777237887,0.24270733967992272,0.30534149185538667,0.10178049728512889,0.17224391848252582,0.21139026359219076,0.07829269021932991,0.2583658777237887,0.06263415217546393,0.12526830435092787,0.3992927201185826,0.052021746280730696,0.15013989917604406
0.31712880855203945,0.011434877494109378,0.12275953879433786,0.35804865481681875,0.18413930819150678,0.36827861638301357,0.07328685049849389,0.3478186932506239,0.286438923853455,0.2557490391548705,0.08183969252955857,0.11252957722814304,0.20459923132389643,0.10229961566194821,0.17390934662531196,0.17390934662531196,0.286438923853455,0.2352891160224809,0.06797319948610245,0.19617736902647487
0.16021375668956372,0.031979324876138165,0.25748639467965595,0.2975398338520469,0.2288767952708053,0.30898367361558715,0.06441521695837756,0.25176447479788583,0.23459871515257544,0.37764671219682877,0.08582879822655198,0.29181791397027673,0.20026719586195463,0.1430479970442533,0.22315487538903517,0.1945452759801845,0.18882335609841439,0.26320831456142607,0.09504854907087584,0.2252307496644136
0.20333900043806072,0.12879703493362776,0.11522543358156774,0.11522543358156774,0.17622713371298596,0.24400680052567286,0.04855695963662151,0.2575627338882102,0.10166950021903036,0.3795661341510467,0.0745576334939556,0.284674600613285,0.23722883384440416,0.16944916703171725,0.1491152669879112,0.39990003419485276,0.36601020078850927,0.2778966339320163,0.05254240283120025,0.18470748569732812
