molecular_weight	isoelectric_point	aromaticity	instability_index	gravy	sequence_length	sequence_complexity	auto_correlation
47095.14400000036	4.662980079650879	0.08275862068965517	27.94809195402299	-0.17954022988505758	435	4.026082075968928	-0.4206189511617239
47269.773000000314	5.66829128265381	0.0684931506849315	38.655730593607295	-0.24155251141552547	438	4.044750456849347	-0.3802372687917774
76776.28800000074	4.8824354171752935	0.07215007215007214	38.921212121212214	-0.29884559884559886	693	4.090715985436579	-0.26970846638977236
47062.11400000039	4.710270118713378	0.08525345622119815	28.621705069124413	-0.2039170506912443	434	4.03707999432849	-0.42620210082593774
68877.91600000093	4.811159324645996	0.040498442367601244	38.1161993769471	-0.3718068535825547	642	3.9547864715294225	-0.2516816993100653
46623.501000000346	4.720330619812012	0.0787037037037037	35.715532407407395	-0.29328703703703735	432	4.03163681471914	-0.5504792437763595
47291.294000000365	5.240577888488769	0.07390300230946882	33.889399538106225	-0.21293302540415726	433	4.041616742955782	-0.21088038660811512
43369.88000000029	5.231824684143065	0.0579345088161209	29.139571788413097	-0.15188916876574318	397	4.081598510519456	-0.28575883586004514
64100.52200000093	8.042576026916507	0.10309278350515463	34.523573883161504	0.027491408934707848	582	4.1150462408271595	-0.12332503327029845
53255.99500000059	4.808601570129395	0.100418410041841	48.398158995815905	-0.36066945606694506	478	4.128341349786509	-0.3171196806588979
46857.771000000364	4.669061851501465	0.08564814814814814	30.827824074074062	-0.23287037037037062	432	4.027570066418405	-0.3754858349102692
14035.296999999986	5.251036262512206	0.07086614173228346	15.057480314960616	-0.07322834645669281	127	4.074886799070344	-0.094411080225109
50429.064000000646	5.15998020172119	0.09662921348314607	34.76092134831461	-0.5069662921348308	445	4.175321176476598	0.03654599982503948
46418.402000000366	4.658660316467285	0.06960556844547564	30.536264501160083	-0.16821345707656624	431	4.024644403769945	-0.3792877354815009
36281.00900000008	4.893916893005371	0.05952380952380952	30.084255952380943	-0.21815476190476193	336	4.044976812484	-0.26651219908123835
30696.807999999943	4.985711860656737	0.06360424028268552	30.156183745583043	-0.24770318021201432	283	4.07250814000664	-0.17804530018895445
46182.49500000034	4.807066917419434	0.06542056074766356	38.95191588785045	-0.1876168224299066	428	4.055742465972185	-0.39108875084076594
49276.655000000435	5.99613857269287	0.06607929515418502	25.39077092511013	-0.2198237885462559	454	4.058655268285394	-0.22813684769312495
80413.41900000047	5.029364204406738	0.06612685560053981	33.6793522267207	-0.1556005398110664	741	4.083497991241672	-0.5667132660509813
47117.106000000385	4.550723075866699	0.07834101382488479	35.50741935483872	-0.20046082949308766	434	4.040789162679784	-0.3255279850815048
25078.64599999999	5.174701499938963	0.08658008658008658	17.17359307359306	-0.07316017316017301	231	4.066831480022131	-0.21623224587254394
26759.44499999997	4.743691444396972	0.07539682539682539	27.258333333333336	-0.023015873015872997	252	4.004922862466994	-0.3104947151532778
35291.330000000075	5.411720085144043	0.05074626865671642	28.506865671641776	-0.014328358208955129	335	3.975400564934155	-0.30558323329606135
47178.10200000041	4.669061851501465	0.08525345622119815	29.010414746543773	-0.2428571428571432	434	4.047542820629734	-0.396862605890163
42172.372000000214	5.0771089553832995	0.06015037593984962	16.221578947368418	-0.04135338345864644	399	3.8964473636739796	-0.2213477888822187
17711.686999999984	9.03783893585205	0.05454545454545454	29.36787878787878	0.045454545454545456	165	3.821581188270771	-0.24339798511186442
38415.8810000002	5.661697959899903	0.05932203389830508	36.1364406779661	-0.1725988700564972	354	4.117007596423022	-0.5436208456846879
57201.678000000604	4.747158622741699	0.025830258302583026	34.890405904059016	-0.0064575645756456395	542	3.918237752536608	-0.3481567062096227
57286.13400000065	4.845490074157714	0.025547445255474456	30.115693430656897	-0.007846715328467077	548	3.8849767489442564	-0.3889244094464833
57517.515000000734	4.957690238952636	0.025782688766114184	23.069797421731117	-0.2095764272559858	543	3.926870029101002	-0.2711492747729182
73837.30000000063	5.05346393585205	0.11145996860282574	39.026091051805395	-0.29529042386185156	637	4.131121262549094	-0.12599668003914433
36438.27200000011	5.297189521789551	0.07058823529411765	22.900617647058823	-0.06294117647058825	340	4.063559949347917	-0.28476735549977383
42574.06100000034	5.657889747619628	0.08333333333333334	40.90442708333333	-0.19999999999999998	384	4.078730494377517	-0.3995942012231645
35686.38000000004	6.075940513610839	0.10059171597633136	40.28434911242602	-0.16124260355029593	338	4.042928730753003	-0.3820890790302336
53570.20600000066	5.037264823913574	0.11715481171548117	41.348577405857725	-0.42071129707112964	478	4.162555851394067	-0.441096864555034
66831.06800000103	4.8461721420288075	0.0368	28.365279999999977	-0.3678400000000001	625	3.9784739218232623	-0.36262537294396935
56726.87200000063	4.848332023620604	0.029629629629629627	28.867592592592572	-0.09074074074074089	540	3.8259489001836378	-0.32335115636045597
101946.92299999992	4.923245811462402	0.08422174840085286	33.65503198294256	-0.24989339019189763	938	4.1230577991868635	-0.5248771648442588
47103.09800000038	4.694923591613769	0.08525345622119815	28.630921658986168	-0.21382488479262682	434	4.024220479966811	-0.4248803463811898
54731.0430000006	7.2863267898559565	0.10759493670886075	32.87810126582278	-0.38797468354430353	474	4.18334412764655	-0.1834285714285714
13857.949999999972	6.82581729888916	0.10655737704918034	25.09106557377048	-0.3573770491803277	122	4.0961834034467985	0.15026713582486334
49412.86200000045	5.030898857116699	0.10337078651685393	26.25373033707865	-0.3730337078651685	445	4.1100316547011495	-0.37326011138480975
55063.66000000069	6.0254106521606445	0.12320328542094455	27.386673511293633	-0.5731006160164261	487	4.178869625491564	-0.29015849288094986
102352.95100000016	9.599938774108885	0.11886586695747	25.957622682660894	-0.48800436205016157	917	4.066378152808793	-0.07204091167128256
84785.55200000043	5.686025047302246	0.11653116531165311	41.38336043360451	-0.4220867208672084	738	4.168754389100874	-0.33167645966725173
57095.80400000062	4.840715599060058	0.02737226277372263	26.74087591240874	0.0029197080291971703	548	3.863724605861883	-0.3971166934548389
11832.808999999981	9.586722755432127	0.08571428571428572	15.507619047619045	-0.8752380952380959	105	3.901066408345177	-0.019703046924007196
12182.052999999984	9.466940498352052	0.09174311926605505	29.61284403669724	-0.8082568807339454	109	4.065465570336404	-0.009586166757594623
21452.84199999992	6.850940132141113	0.0962566844919786	27.155080213903723	-0.46417112299465263	187	4.124303851298784	0.06581018455248877
44614.947000000284	8.302319145202638	0.05755395683453238	27.260671462829723	-0.07793764988009591	417	4.030388285178148	-0.14250311071824834
35662.13099999996	5.382220649719239	0.060060060060060066	28.744144144144144	-0.03333333333333341	333	4.08504326350884	-0.30190836742803157
46816.29900000032	6.155117225646971	0.06864988558352403	31.29633867276888	-0.17963386727688807	437	4.0223510874776425	-0.3064245206381742
46914.35800000032	5.6667566299438485	0.06864988558352403	29.56247139588101	-0.18421052631578963	437	4.0308161751982645	-0.3457661905062774
96032.82900000019	5.533298683166502	0.07077625570776257	33.16270547945219	-0.30308219178082035	876	4.095594724797179	-0.3318981734003657
20019.191999999966	10.364598274230957	0.06145251396648044	61.4631284916201	-0.45977653631284937	179	3.970138409141586	-0.222875430081509
101792.8000000001	5.075574302673339	0.09769484083424809	48.22427003293109	0.21328210757409466	911	4.055902009463891	-0.27248371246254044
31310.24999999995	5.080348777770994	0.05693950177935943	44.0120996441281	-0.6014234875444839	281	3.9711940766608245	0.07563126613753805
55395.19700000073	9.284881782531738	0.125	31.46926229508195	0.2116803278688521	488	4.076689240511942	-0.1078624426529741
36053.3930000001	8.566123771667481	0.07761194029850746	15.612238805970142	-0.10776119402985067	335	4.106056876711156	-0.23210663373765894
47128.08400000039	6.161937904357909	0.07142857142857142	37.41361751152073	-0.192857142857143	434	4.094369899925587	-0.32501983837554604
53942.711000000665	5.1612874984741195	0.09053497942386832	39.74958847736623	-0.3283950617283949	486	4.13660748614725	-0.24359393893112216
35716.160000000054	6.514169120788575	0.09584664536741214	47.24156549520767	-0.41182108626198105	313	4.179391264133576	-0.24715037736637932
68791.7100000008	7.258930397033692	0.125	47.565183333333465	-0.232666666666667	600	4.1913569153966135	-0.17877615879281147
44368.65000000047	9.104176902770995	0.10632911392405062	30.268607594936707	-0.4463291139240509	395	4.144501861474148	-0.3347989716433633
14536.684999999961	10.726201438903807	0.0364963503649635	43.24890510948904	-0.37372262773722625	137	3.915610478005318	-0.17872349844519816
35312.16600000005	7.761557579040528	0.06542056074766354	35.50467289719626	-0.030529595015576293	321	4.009393479198713	-0.3931303778437134
47169.185000000354	7.011794471740722	0.07142857142857142	36.5269585253456	-0.22142857142857175	434	4.091284724576562	-0.28100173230607933
62767.224000000926	8.139407539367678	0.0949820788530466	25.45987455197133	-0.2942652329749108	558	4.179889333281006	-0.03347808436195986
59943.96800000088	5.388131904602051	0.05063291139240506	39.93110307414109	-0.14159132007233277	553	3.9922225362366355	-0.30648746917934194
40353.16000000036	4.568456840515138	0.08450704225352113	40.647098591549295	-0.6411267605633799	355	4.031220628778869	0.007931352977608693
42725.48700000024	5.394043159484863	0.07874015748031496	46.26167979002623	-0.4661417322834642	381	4.164201074026739	-0.17542955641782426
170591.71400001307	7.022537040710449	0.08267195767195767	38.05787698412724	-0.5169312169312172	1512	4.168439945489457	-0.09034908194292819
44842.86200000036	9.3823579788208	0.09203980099502487	44.357711442786055	-0.2950248756218906	402	4.150713506616789	-0.291900152380683
141479.17000000316	9.055116462707517	0.090625	33.326414062500184	0.03351562499999988	1280	4.09674635623218	-0.2060332906968835
143815.82400000378	5.691254234313964	0.06060606060606061	35.65780303030327	-0.13121212121212036	1320	4.059952927428991	-0.4892093632690827
55805.630000000885	4.917732429504394	0.09542743538767395	41.29224652087474	-0.15109343936381728	503	4.149928335467825	-0.19319288870721307
69285.59100000083	5.797543144226075	0.10147299509001637	40.01769230769237	-0.2558101472995092	611	4.182490030329899	-0.0880406474713041
64987.36700000118	4.622340202331543	0.036243822075782535	26.523393739703426	-0.3415156507413508	607	3.926604612821622	-0.19988173085023406
25970.42799999995	6.850996971130371	0.05394190871369295	29.643983402489614	0.1327800829875517	241	4.016777049615651	-0.299340150352496
24729.754999999954	9.644228553771974	0.029914529914529912	2.039743589743592	-0.10854700854700855	234	3.8854575955238375	-0.3505934525463612
11735.63899999998	9.681040000915527	0.02912621359223301	18.05533980582524	-0.3524271844660196	103	3.92134715277815	-0.23580541291191606
23469.20499999992	10.05199108123779	0.06310679611650485	27.090776699029124	-0.6640776699029131	206	4.005541869896501	-0.2107839166377975
14126.636999999977	9.441411018371582	0.04615384615384615	32.95461538461537	-0.0999999999999999	130	3.9813956609900076	-0.3005879733942184
74014.74000000095	5.802431297302246	0.09345794392523364	46.685700934579565	-0.4936137071651082	642	4.213103596217857	-0.15857565229105144
70708.46400000068	5.906560325622559	0.06211180124223603	36.00776397515531	-0.2630434782608696	644	4.090929641962837	-0.4142055752840801
13541.112999999978	10.431323051452637	0.03252032520325203	36.692682926829264	-0.1276422764227642	123	3.975644029368034	-0.267083694120096
18340.32999999998	8.550457954406738	0.09259259259259259	35.208024691358	-0.14074074074074075	162	4.150014991806881	-0.1537616702078976
49354.46800000046	8.647869682312013	0.040084388185654005	32.56772151898735	-0.06729957805907168	474	3.9580786131934222	-0.4159793419703693
27408.552999999974	11.10063381195068	0.051181102362204724	22.814960629921245	-0.4909448818897642	254	3.9614975536632	-0.2116717499636466
50011.985000000524	9.13770046234131	0.06550218340611354	27.27336244541483	-0.3253275109170309	458	4.083154540783799	-0.07860132946469477
144090.34300000384	5.7688394546508786	0.06287878787878787	34.6399242424245	-0.1276515151515141	1320	4.0665194539316625	-0.4675761188257491
61054.93500000083	5.7025651931762695	0.03141361256544503	30.19319371727746	-0.07643979057591652	573	3.9574330780309444	-0.25799891964643407
101920.82200000023	8.568315696716308	0.1029082774049217	38.74989932885922	-0.3656599552572699	894	4.194583327498993	0.012838909533964856
35202.545000000035	7.68976993560791	0.06686930091185411	25.293617021276596	0.025531914893617023	329	4.085871652811384	-0.25511398058551893
57818.14400000059	6.627449226379395	0.05273069679849341	26.141054613935953	-0.09265536723163845	531	4.09972928432817	-0.31859603120710617
75422.71600000076	9.335231590270997	0.08221225710014947	39.98373692077734	-0.5648729446935719	669	4.17237844646087	-0.2083165130915289
50278.50100000054	5.052497673034667	0.10135135135135134	39.4867117117117	-0.30405405405405467	444	4.145516285877856	-0.07951891115495864
28232.58699999995	9.677494239807132	0.10204081632653061	39.4049387755102	-0.8053061224489804	245	4.075175073386165	0.12563118598198084
168142.42300001244	8.909611320495607	0.09999999999999999	43.794479729729964	0.02364864864864822	1480	4.127696966921539	-0.011606196263642388
36295.112000000045	6.323019599914551	0.08181818181818182	46.42699999999998	-0.035454545454545405	330	4.10215303907209	-0.430501658465422
36090.10500000017	7.064654731750489	0.05105105105105105	21.218018018018014	0.10630630630630632	333	4.071528715824866	-0.15529378836563193
71817.67400000086	7.12643871307373	0.12828947368421054	34.81368421052631	-0.5218749999999989	608	4.120593585021192	0.013069579117876276
11415.428999999993	9.801918220520019	0.07619047619047618	26.593333333333327	0.020952380952381004	105	3.851683739352305	-0.008084970361684015
39620.94600000024	5.512211418151854	0.09192200557103064	32.11364902506965	-0.35738161559888615	359	4.150419703199659	-0.20465027895724563
35202.075000000026	7.0436811447143555	0.05642633228840126	54.5871473354232	-0.06802507836990598	319	4.0986784282427475	-0.29880518294213415
43920.51200000034	8.88130970001221	0.0879396984924623	45.607286432160805	-0.20603015075376888	398	4.126317427949816	-0.3779039025793746
54537.61800000089	7.748086738586426	0.027722772277227723	71.09504950495072	-0.5607920792079207	505	3.996757950169782	0.1773078503711705
52298.02400000074	6.742832374572754	0.022587268993839837	70.48151950718709	-0.5476386036960982	487	3.9704443940447436	0.1718648048458499
41988.00300000017	6.559981346130371	0.04303797468354431	36.57164556962025	0.14556962025316425	395	4.017862805303226	-0.30734773054989545
76614.58200000081	4.603299140930175	0.05070422535211268	48.8021126760566	-1.1263380281690125	710	3.7882918484434285	-0.08203941747441322
34202.564999999995	6.479440498352051	0.0694006309148265	33.03848580441639	-0.10031545741324911	317	4.034575117546064	-0.15718349232250878
49969.77700000039	5.367328834533691	0.026970954356846474	41.8265560165975	0.07946058091286282	482	3.830691173575663	-0.3467866176138134
98399.34400000017	6.232759284973144	0.0922384701912261	36.50967379077631	-0.13667041619797568	889	4.156846887399539	-0.43998139768494643
40270.93800000015	6.009097862243652	0.1016949152542373	38.83276836158191	-0.5511299435028238	354	4.106625582981651	-0.35537105551882187
43642.10000000029	5.24523868560791	0.10512820512820512	44.08284615384614	-0.10102564102564099	390	4.206076758014946	-0.6034134460183722
53165.67500000068	5.827156257629395	0.10828025477707007	41.18985138004243	-0.3653927813163483	471	4.168655429721686	-0.11834452525496551
26688.46099999987	9.681362342834472	0.05761316872427984	35.944032921810695	-0.15267489711934157	243	4.03046471665191	-0.3111804548066001
43149.50300000031	6.058945655822753	0.0532994923857868	29.048756345177665	-0.3116751269035538	394	4.0765328918263055	-0.22577454921136803
36034.28500000004	4.946095085144043	0.11598746081504702	52.060219435736656	-0.1909090909090912	319	4.141516165080275	-0.36370865063845936
51709.748000000545	6.1472166061401365	0.057692307692307696	38.13739316239317	-0.10235042735042744	468	3.9989400959928485	0.03471086066477764
51798.5860000005	8.943005943298342	0.07966457023060797	26.993081761006266	-0.05052410901467505	477	4.10834171762569	-0.4503873160881277
47346.05100000041	5.423315238952636	0.12195121951219512	45.13002439024389	-0.3612195121951223	410	4.193174937927968	-0.12023107697639857
72212.1050000009	5.428828620910643	0.09049773755656108	34.548280542986475	-0.22760180995475077	663	4.128424764489655	-0.46455560464005935
24604.08599999992	10.10840091705322	0.08878504672897197	42.299065420560744	-0.5532710280373837	214	4.142301750524343	-0.015491603323728785
48141.68100000069	4.29034366607666	0.10311750599520383	47.56239808153475	-1.1043165467625888	417	4.018861632777561	0.15644830907657742
39739.602000000195	8.824126243591309	0.06233062330623306	32.43712737127371	-0.044444444444444314	369	4.050369234957984	-0.17307179969608572
41389.93300000031	6.501721382141112	0.09722222222222222	39.70638888888886	-0.28666666666666674	360	4.168353941226173	-0.15164597582040598
39324.196000000156	8.986328697204591	0.061111111111111116	29.422777777777778	-0.209166666666667	360	4.062151986349386	-0.13553819083421023
25035.093999999925	5.9969911575317365	0.08482142857142858	43.26473214285714	-0.20982142857142846	224	4.051969413720656	-0.17980551450565999
47231.675000000345	5.539209938049315	0.075	32.905931818181806	-0.19204545454545463	440	4.016799560667297	-0.37875414754280784
33997.431999999935	8.572054862976074	0.022580645161290325	43.668064516129036	-0.49483870967741944	310	3.9957162207345216	-0.11432530000623464
57812.799000000734	4.840601921081542	0.025594149908592323	28.524131627056644	-0.045703839122486226	547	3.887155434327226	-0.33755370362587345
58204.12200000077	5.291903495788574	0.03125	34.34080882352941	-0.15202205882352998	544	3.9644368022589336	-0.2008593906380972
49020.10800000063	8.18440647125244	0.08545034642032333	39.79658198614316	-0.8732101616628154	433	3.947503892500821	-0.05680720887808883
33341.20899999995	5.9172460556030275	0.04861111111111111	41.976388888888884	-0.6156249999999999	288	4.026030099322418	0.15720069386937563
21589.80199999997	5.02828426361084	0.09693877551020408	29.98061224489796	-0.024999999999999887	196	4.068728899022127	-0.19699517413318407
53082.91200000057	7.609797477722169	0.07867494824016563	37.642670807453406	-0.2509316770186344	483	4.147931123883456	-0.2914898688915176
54971.41200000065	9.102887535095213	0.15856236786469344	42.47319238900635	-0.31416490486257936	473	4.216003334923967	-0.1970843705957406
29449.562999999962	6.160573768615721	0.11764705882352941	55.89968627450978	-0.4768627450980392	255	4.239393905257289	-0.2757830796485282
62478.38800000124	4.5589078903198255	0.037366548042704624	48.795907473309704	-0.84679715302491	562	4.049302223355108	0.011357959595317822
22024.824999999928	8.689064979553223	0.10204081632653061	30.952551020408144	-0.1954081632653061	196	4.195144310419888	0.09714259056572483
32819.73599999992	5.640667533874511	0.061688311688311695	31.369480519480504	-0.1623376623376624	308	3.9700021730838575	-0.41945773678017234
34805.475000000006	5.796576881408691	0.0877742946708464	25.364890282131647	-0.13103448275862087	319	4.093002821631232	-0.3189295897044112
47205.22300000043	5.763496589660644	0.035164835164835165	20.831428571428567	0.05516483516483525	455	3.885246275547528	-0.4156847641602916
86583.58400000069	6.499732017517089	0.07858048162230673	27.669607097591893	-0.38910012674271155	789	4.146596033764361	-0.1768980625372635
46567.615000000274	6.074349021911621	0.0778301886792453	33.255896226415096	-0.18018867924528353	424	4.141145908305577	-0.4049983001912526
23577.38099999992	10.936174964904787	0.07881773399014778	29.70645320197043	-0.48128078817734005	203	3.9608548477523913	-0.06453210553821725
19938.12899999997	5.626571464538574	0.027932960893854747	33.359217877094956	-0.06927374301675977	179	3.927312343259786	-0.377140406401782
88054.27500000031	5.935491371154785	0.08571428571428572	48.215324675324894	-0.4033766233766225	770	4.187723436403581	-0.03519482459918796
36879.48200000011	6.014440727233886	0.07142857142857142	19.8502857142857	0.002857142857142894	350	4.029099717323561	-0.30074939151510854
21977.403999999868	11.100311470031734	0.0091324200913242	28.874885844748846	-0.8191780821917811	219	3.080526166181274	-0.1458433107023093
57111.00500000095	6.712480354309082	0.09218436873747494	45.797815631262544	-0.6551102204408812	499	4.118607672533057	0.03629147997975416
51483.58200000053	5.290312004089355	0.05473684210526315	28.45621052631579	0.0357894736842106	475	4.077814892404276	-0.2892581376015145
21217.328999999947	5.51960048675537	0.06965174129353234	21.86019900497512	-0.0024875621890546964	201	4.023869285391112	-0.11245231544500862
45180.015000000305	6.072984886169433	0.06474820143884892	25.145323741007193	-0.21079136690647554	417	3.990974675844266	-0.1265304732901375
34362.82899999995	9.727908515930174	0.10774410774410774	38.6888888888889	-0.7427609427609427	297	4.096809814416128	-0.3858240406347094
37097.91000000011	9.054923057556149	0.06528189910979228	36.724925816023735	-0.04777448071216617	337	4.070166067382795	-0.24315618340017714
87799.17200000034	6.713844490051269	0.09161290322580645	35.15961290322592	-0.3068387096774188	775	4.168509409837324	-0.2323869582186714
12516.682999999975	10.223154640197755	0.03508771929824561	20.362280701754376	-0.033333333333333055	114	3.932591319817741	0.2784782525287848
61888.99100000087	5.69216365814209	0.03220338983050847	28.820338983050824	-0.05644067796610158	590	3.937324328444494	-0.2488195770210139
36057.02200000011	5.4327505111694325	0.06231454005934718	22.23620178041542	-0.12522255192878345	337	4.031736567436367	-0.14179767980936434
12967.187999999991	5.764008140563964	0.041666666666666664	28.65666666666666	0.007500000000000033	120	3.704933091421516	-0.21393136184137407
95225.65600000063	7.071134376525879	0.06053550640279395	46.28570430733428	-0.41059371362048835	859	4.133636925976114	0.049791887539837376
101116.26400000023	5.822893333435059	0.09	47.28124444444472	-0.24077777777777734	900	4.146289755825058	-0.2701280744183015
22086.62799999995	9.724362754821776	0.04975124378109453	29.67363184079602	-0.23532338308457754	201	3.978295575773316	-0.1175027557157136
17258.30199999995	10.553684043884278	0.06206896551724138	48.52344827586207	-1.1068965517241385	145	3.911456056540072	0.006823389076568382
11999.664999999986	6.280617713928222	0.10576923076923078	32.89134615384616	-0.36249999999999993	104	4.112265826442174	-0.148932802462114
17831.086999999952	9.465715599060061	0.01818181818181818	30.97333333333333	-0.213939393939394	165	3.9710556780475152	0.0034965484938266796
22126.938999999948	10.092735099792481	0.061855670103092786	39.68814432989689	-0.45876288659793824	194	3.9479885893511453	0.16985690501809644
16272.80599999995	10.07474842071533	0.033112582781456956	48.782119205297995	-0.5026490066225165	151	4.013867927756118	-0.1513623200375383
17222.38399999999	10.530991172790525	0.06622516556291391	51.00264900662251	-0.45430463576158936	151	3.9766338321432686	0.11191830595546323
5857.621999999985	4.850491905212402	0.0196078431372549	66.1941176470588	-1.584313725490196	51	3.477517582213946	0.003259329603117224
14865.537999999971	10.505784034729004	0.05	25.782142857142855	-0.19357142857142845	140	3.9325110509985746	-0.35060035875593987
20252.499999999967	9.639135551452636	0.08426966292134833	37.15960674157302	-0.5337078651685399	178	4.087866652855057	-0.07244893379799477
24893.868999999857	5.615942573547363	0.08372093023255814	44.83116279069766	-1.6102325581395351	215	3.75184913931827	-0.07023294090872816
40990.66800000018	6.227586936950684	0.05121293800539084	38.901347708894875	-0.029649595687331536	371	4.074339783279379	-0.39995788262627474
54880.13000000048	6.815415763854981	0.05964214711729622	40.51093439363816	-0.21729622266401652	503	4.122331194636815	-0.44886991674031645
35942.88200000008	5.337772560119628	0.0625	20.453273809523797	-0.09107142857142853	336	4.054067101816958	-0.30772328564595397
35914.61699999999	6.466367530822754	0.09480122324159021	32.16330275229356	0.001834862385321112	327	4.113653271939842	-0.415967979966671
22631.88199999997	5.308727836608886	0.0619047619047619	35.2647619047619	-0.10619047619047614	210	4.060629994670455	-0.16269123276638564
38215.38900000009	4.815422248840332	0.061797752808988776	34.21348314606742	-0.11320224719101137	356	4.1038737718897105	-0.3919961688784027
27454.282999999956	5.7944738388061525	0.06854838709677419	38.02862903225807	-0.37741935483871	248	3.9995293208037843	-0.4375025136671675
55877.666000000514	4.9770723342895495	0.03153988868274583	23.603896103896105	0.11038961038961018	539	3.833387593648811	-0.28221818289195955
94869.62700000028	8.418620109558109	0.08227114716106604	31.66084588644272	-0.16581691772885276	863	4.103979853860947	-0.34521705026910643
21614.95199999996	6.743059730529786	0.09693877551020408	21.53622448979591	-0.10459183673469384	196	4.065877826468668	-0.20774773047027187
27471.21799999986	9.432836723327636	0.06097560975609757	32.200813008130076	-0.3455284552845528	246	4.04160095088119	-0.263895034477008
35805.765000000065	5.681648445129395	0.058823529411764705	25.566764705882335	-0.027352941176470538	340	3.9604597826166157	-0.37365076723568463
54255.09800000057	5.267121696472167	0.049800796812749	26.762151394422297	-0.17191235059760981	502	4.031848083832201	-0.31842641795013116
73649.44200000053	4.4810384750366214	0.044510385756676554	45.27227002967372	-0.8698813056379812	674	4.011765554634758	-0.09947619447331539
35532.65200000006	6.608749198913575	0.06646525679758308	20.66495468277945	-0.1332326283987915	331	4.044649066497884	-0.22460670785051706
98204.27100000017	8.10820484161377	0.08998875140607424	33.5517435320586	-0.14566929133858286	889	4.156916441835818	-0.43905203233311946
82445.35100000066	5.46429615020752	0.12809315866084425	42.37743813682686	-0.6020378457059666	687	4.105606940457843	0.1079060329353001
68048.43600000099	5.940265846252441	0.08207705192629816	44.56134003350093	-0.4497487437185915	597	4.158043815833917	0.018150616932324035
35958.88100000008	5.337772560119628	0.0625	20.453273809523797	-0.09880952380952378	336	4.057376842246743	-0.2994158352770275
47386.56100000039	4.739201164245605	0.08275862068965517	27.95544827586206	-0.23218390804597727	435	4.036598356864539	-0.4038267652293894
95659.34700000021	7.264614295959473	0.08045977011494253	33.115758620689746	-0.08114942528735644	870	4.153678096629442	-0.23222788828326063
127987.90799999921	8.297741889953613	0.08902333621434744	28.59576490924823	-0.24935177182368184	1157	4.181014931220033	-0.24235923042589064
38125.06800000016	7.65913372039795	0.06285714285714286	28.925714285714278	-0.1274285714285715	350	4.105657156453449	-0.11708765682159329
54537.850000000726	6.0014245986938475	0.08383233532934131	33.00339321357284	-0.1287425149700599	501	4.156318281016695	-0.25808574973184817
35963.08200000009	9.6711763381958	0.10746268656716418	16.101492537313426	-0.3050746268656717	335	3.957867989392576	-0.14595764452866378
7591.864999999985	10.7804838180542	0.01492537313432836	35.16119402985073	-0.4388059701492537	67	3.714019645245111	-0.12057980019498812
46018.947000000306	5.602471733093262	0.06526806526806526	35.73962703962701	-0.16480186480186484	429	4.0956060977739455	-0.32169814272908265
35883.9210000001	5.578542518615721	0.0625	21.324999999999992	-0.06517857142857136	336	4.026649984488108	-0.20053960267349175
141556.32800000315	6.766250038146972	0.06162695152013147	45.40858668857874	-0.8732128184059192	1217	4.0293449039548	0.11126588999363833
23431.948999999953	6.8347978591918945	0.11764705882352941	31.576960784313705	-0.31127450980392163	204	4.041913401308871	-0.07667910874596513
54987.62400000064	5.395862007141113	0.08739837398373984	34.684959349593484	-0.20955284552845557	492	4.053365980671664	-0.47101187006783013
43145.64300000026	6.434367179870605	0.11139896373056994	36.65984455958548	-0.22616580310880852	386	4.094641332063441	-0.21595250923829246
46656.451000000365	4.751705741882325	0.06308411214953272	25.990911214953254	-0.3946261682242993	428	4.048647003209157	-0.24236308883711402
58135.271000000736	5.273771858215332	0.02737226277372263	28.250364963503635	-0.09507299270072989	548	3.956289123602362	-0.38880862120240856
71623.61700000092	6.160857963562011	0.08146964856230032	47.51984025559118	-0.46038338658146816	626	4.156805399501174	-0.03808300699384889
94583.19700000023	6.582262229919434	0.07967667436489607	26.45878752886839	-0.12286374133949216	866	4.1082449991483445	-0.29828241116133053
43664.390000000334	4.7606294631958	0.05808080808080808	27.801035353535344	-0.3601010101010103	396	4.002288243586934	-0.23189958190483928
47072.077000000376	4.692763710021972	0.06712962962962962	25.187314814814815	-0.26689814814814855	432	4.079459246602392	-0.38736590930361897
76900.11700000067	9.117070579528807	0.09197080291970802	42.24046715328479	-0.4189781021897806	685	4.173065500955266	-0.22414641811328168
20608.320999999974	5.033627128601075	0.13793103448275862	47.05350574712645	-0.48850574712643746	174	4.129010976151131	-0.12871287128712874
47347.19200000037	9.397121238708493	0.0967741935483871	53.014143920595544	-0.5821339950372205	403	4.135372532853982	0.3099744352519204
83091.47600000062	5.343399620056151	0.13091922005571033	31.783454038997203	-0.44958217270194933	718	4.1701065348499595	-0.3222254847331317
36451.48600000012	8.151205253601074	0.06325301204819277	24.270481927710843	0.02138554216867474	332	4.08560596962898	-0.2586021283465493
47152.99000000033	6.044338035583496	0.06666666666666667	38.63908045977011	-0.24436781609195432	435	4.130487487149505	-0.44904240952710034
35825.85200000006	5.370909690856934	0.05089820359281437	22.573652694610782	-0.08562874251497012	334	4.01943954493792	-0.28110992190335377
48030.1450000004	4.612109184265137	0.07013574660633484	27.24823529411764	-0.27579185520362026	442	4.049297642315656	-0.38054109531810587
41938.96900000021	4.919096565246581	0.06030150753768844	19.601532663316576	-0.023618090452261157	398	3.911841839038254	-0.29315518910413885
66943.05200000109	4.715726661682129	0.038338658146964855	22.174600638977623	-0.4083067092651757	626	4.001419929376739	-0.25091575697639035
45818.351000000315	5.334419059753418	0.05773672055427251	22.418267898383366	-0.12401847575057734	433	3.976092186555026	-0.31718550352906466
58145.66300000063	4.775862312316894	0.0273224043715847	34.61001821493623	-0.07158469945355196	549	3.901467558193328	-0.37188108148498783
34095.554999999986	8.723748970031735	0.10679611650485438	28.895145631067944	0.2883495145631065	309	4.076134804839595	0.18437202855814244
35377.78200000004	7.7009672164917	0.065625	47.11281249999999	-0.18281250000000024	320	4.129053959089148	-0.07831948461751244
58242.312000000704	5.4352514266967775	0.0347985347985348	25.054395604395594	-0.1298534798534802	546	3.938507502122557	-0.21683701738674835
129811.28699999928	5.954418754577637	0.07659574468085106	34.993702127659795	-0.17182978723404269	1175	4.155394685747981	-0.39442560274254274
36470.56500000009	8.258029365539553	0.07692307692307693	25.171923076923072	-0.16656804733727817	338	4.101671095932823	-0.2969980450604511
39394.77900000015	4.831791877746581	0.06557377049180327	35.16994535519126	-0.1355191256830603	366	4.1252384485049145	-0.40521498982156023
35833.07200000007	6.609942817687989	0.0746268656716418	28.006865671641787	-0.043582089552238704	335	4.031373592164673	-0.20839230686658786
108817.50799999967	5.6677228927612315	0.08291203235591507	40.252608695652334	-0.22578361981799863	989	4.126444460155542	-0.20734071764159834
24917.415999999947	10.499788475036617	0.09090909090909091	42.20318181818181	-0.45409090909090954	220	4.104167266758851	-0.14317165716386218
27022.851999999966	5.392906379699707	0.060240963855421686	28.701204819277113	-0.10281124497991963	249	4.041008858056732	-0.41851068256735335
35855.88100000008	5.28991413116455	0.0626865671641791	19.20716417910447	-0.1011940298507462	335	4.034979328705649	-0.2639695485322398
52579.54500000056	4.916027259826659	0.09915611814345993	41.50740506329114	-0.2751054852320679	474	4.1266842337967695	-0.4978067087452939
35564.94100000005	6.7584630966186525	0.0851063829787234	22.275987841945284	-0.06717325227963519	329	4.133254608794161	-0.36542860583636966
153797.1290000072	9.26044826507568	0.0953405017921147	26.6952903225809	-0.8815053763440889	1395	3.9545922785067162	-0.23083491312867668
35723.441000000086	5.224094581604002	0.0625	21.594642857142848	-0.087797619047619	336	4.036824758650397	-0.3718942074458041
141556.32800000315	6.766250038146972	0.06162695152013147	45.40858668857874	-0.8732128184059192	1217	4.0293449039548	0.11126588999363833
20252.499999999967	9.639135551452636	0.08426966292134833	37.15960674157302	-0.5337078651685399	178	4.087866652855057	-0.07244893379799477
60390.70000000076	9.819775962829588	0.038461538461538464	76.13369963369988	-0.56135531135531	546	3.9449793584932356	0.0050465886063400375
33791.977999999974	6.074292182922362	0.07590759075907591	27.437953795379542	-0.2204620462046206	303	4.067370746930767	-0.43322975738914615
15173.458999999983	5.709442710876465	0.09375	27.693749999999998	-0.5585937500000002	128	4.134725888326419	0.06489816092921058
50938.60700000051	6.659335899353029	0.060737527114967466	45.04859002169197	-0.265075921908894	461	4.018891733288411	-0.5712241010605903
35155.28000000009	4.710611152648925	0.1167192429022082	41.11356466876972	-0.2864353312302838	317	4.156084675080673	-0.16255238688808915
57720.27300000071	4.746135520935058	0.02962962962962963	30.956296296296276	-0.05777777777777774	540	3.8748381374093	-0.25365991285388506
35963.55399999998	6.296589469909668	0.09063444108761329	31.092809667673713	-0.18580060422960745	331	4.023982136523955	-0.09647814555598068
79748.83300000062	5.250808906555174	0.033967391304347824	49.32350543478286	-0.17975543478260853	736	4.0902953069675805	-0.2923608240305491
134466.90300000054	6.950692558288575	0.0977891156462585	43.08539115646281	-0.402976190476189	1176	4.190675829566898	0.0933047084249643
40060.02900000023	8.529892539978025	0.07065217391304347	31.091847826086934	-0.2369565217391307	368	4.063151419544842	-0.3136967626054912
39215.5500000002	5.692732048034667	0.0947075208913649	32.22284122562674	-0.2818941504178274	359	4.117938363474058	-0.3091687875348609
44213.7610000003	5.759006309509277	0.05513784461152882	39.77671679197995	-0.197243107769424	399	4.051874745395314	-0.15657058261090515
19193.66899999995	8.953063011169434	0.0446927374301676	37.34469273743016	0.013966480446927413	179	4.056079946417621	-0.09309176176781966
21860.044999999947	4.979743766784667	0.11224489795918367	42.07755102040816	-0.11326530612244888	196	4.07193356416608	-0.14286481571709178
102840.95300000021	9.051312828063963	0.07683982683982683	43.70641774891792	-0.40335497835497713	924	4.170941633433066	-0.1251336248041334
36771.43600000004	5.923157310485839	0.12352941176470589	49.342088235294085	-0.2532352941176472	340	4.065110002860795	-0.34089255279001046
34581.025	5.617647743225096	0.11076923076923077	44.9268	-0.17907692307692305	325	4.061611918071506	-0.45694938282698394
26261.447000000007	5.719730567932129	0.09051724137931035	30.12543103448276	-0.5043103448275867	232	4.088020308143761	-0.36503804691485875
28642.935999999972	5.535913276672362	0.04797047970479705	39.50774907749078	0.19077490774907718	271	3.9216628587968883	-0.4765812242569838
35895.00600000007	5.393758964538574	0.0626865671641791	17.302686567164177	-0.09522388059701485	335	4.031657963495491	-0.2813047353933429
46960.58400000049	9.006700706481933	0.07852193995381063	33.78575057736718	-0.07898383371824476	433	4.096950843069283	-0.2714010319551829
42114.065000000206	4.817411613464355	0.06030150753768845	20.484698492462307	-0.05804020100502505	398	3.9150714573838705	-0.2638080899768232
37512.74800000007	5.10308437347412	0.08132530120481928	25.727409638554228	-0.47831325301204825	332	4.136661193140602	-0.06780496285578841
35066.34800000005	9.859488487243652	0.11419753086419752	16.601851851851844	-0.3657407407407409	324	3.985863235782603	-0.020682565072340783
107338.2889999996	5.4761754989624025	0.08682328907048008	33.83861082737501	-0.5287027579162394	979	4.0383341634449	-0.36182856578675554
226666.94800003417	5.353005409240722	0.023456199138343705	67.307659167066	-0.824461464815701	2089	3.928425830163961	0.1154910726470509
21080.845999999987	6.290394020080567	0.09042553191489362	56.18829787234042	0.29627659574468074	188	4.087163685694632	-0.15452434981768046
42528.6960000002	6.794499015808105	0.11311053984575836	44.74861182519279	0.579948586118253	389	4.076270676530576	-0.16712352055978366
33665.827000000005	11.247557258605958	0.10416666666666666	118.36875000000033	-1.6170138888888888	288	3.6626733518211365	0.27854025722632275
55846.99800000071	6.996675300598144	0.1037344398340249	41.27014522821577	-0.553526970954356	482	4.092809417181349	0.05181467780514806
33325.427999999934	5.225004005432127	0.02693602693602694	70.34949494949495	-0.9912457912457906	297	3.7995851267466945	-0.134765098677417
121461.31199999957	6.348312950134278	0.09823911028730306	42.86757182576483	-0.08025949953660656	1079	4.148857246143801	0.016464561212329965
62133.33800000111	9.212935066223146	0.07719928186714543	55.11292639138258	-0.3605026929982047	557	4.105530896398853	0.009685791376658625
60658.85800000047	6.332909584045409	0.07142857142857142	36.24501785714285	0.49535714285714405	560	4.084364693319406	-0.3039773204383296
64133.11500000123	8.46323223114014	0.08658743633276739	56.9646859083194	-0.6485568760611207	589	4.131219580229729	-0.33279245554755754
123923.27099999948	6.274479103088378	0.10433979686057249	55.72709141274272	-0.14072022160664788	1083	4.132375990324644	-0.14098347739913256
45385.38100000038	6.012792396545408	0.0671462829736211	60.74369304556364	-0.17290167865707443	417	4.061608527170344	-0.047983767876134106
23693.810999999958	9.478480339050293	0.0547945205479452	32.45570776255706	-0.7552511415525127	219	3.979250544696347	-0.06036571148252925
83901.51100000054	6.4255571365356445	0.063257065948856	57.37928667563954	-0.5347240915208606	743	4.138186330479045	0.06118087932659951
56703.9460000008	5.460146903991699	0.10400000000000001	48.79584000000005	-0.1672	500	4.178407728396957	-0.4894141567844093
177972.81600001617	6.282038688659668	0.05118601747815231	59.97054931335866	-0.6657303370786523	1602	4.0802059602745215	-0.06144232233654404
96767.59900000009	8.497142601013184	0.09248554913294799	44.18327167630077	-0.37930635838150195	865	4.133911224469116	-0.24377615000310662
172789.12600001378	6.455227088928221	0.0723514211886305	52.79969638242928	-0.5162144702842375	1548	4.1659879517299006	0.03969022528925701
34249.85999999999	5.6009370803833	0.05864197530864197	49.938580246913546	0.7512345679012354	324	3.8190212666395924	-0.29492828354863865
25235.525999999947	5.431386375427246	0.09009009009009009	34.3036036036036	0.07747747747747748	222	4.13984634746278	-0.20146281464310473
46437.713000000556	9.58710956573486	0.1	49.90714285714285	-0.9519047619047613	420	4.082722850412207	-0.1722517077481872
23510.039999999968	5.022600364685059	0.09268292682926829	51.008780487804884	-0.12048780487804882	205	4.06236974980466	0.010348382789555466
57545.03500000086	5.1931173324584945	0.09177820267686425	44.18760994263866	0.10229445506692153	523	4.077266655869794	-0.35744699571223276
18545.664999999964	8.800208473205569	0.14375	37.803812499999985	-0.084375	160	4.124443335082455	-0.03628013219775183
137009.9710000017	5.896727180480957	0.07171635777598712	53.10098307816307	-0.1449637389202232	1241	4.056243739830902	-0.24261193793551208
81836.72400000037	5.062956047058105	0.12602739726027395	44.9704246575344	0.31342465753424636	730	4.149180876722433	-0.3537896790715929
54639.830000000424	8.506232643127444	0.13333333333333336	35.42088888888889	0.3820202020202023	495	4.1237648467897285	-0.32148006766751147
55456.305000000924	5.632766914367674	0.0561122244488978	58.46172344689389	-0.4875751503006015	499	4.061674921929231	-0.15766955130262275
53246.38900000061	9.324336433410647	0.10537190082644628	32.54219008264463	-0.13822314049586804	484	4.118157221453431	-0.1229500466000885
33872.75200000002	6.7111730575561515	0.11538461538461539	38.02602564102563	-0.625961538461538	312	3.973701282117662	-0.20486053392418774
90333.86100000016	8.454593467712403	0.11892583120204603	42.28976982097199	0.04923273657288968	782	4.1862187479252295	-0.1947928616755425
143908.51000000405	7.6873258590698255	0.06396761133603239	51.023020242915294	-0.7029149797570852	1235	4.029582927392269	0.16523708149714847
60764.574000000466	6.020920372009278	0.11700182815356491	35.10497257769652	0.4199268738574042	547	4.075134243025523	-0.19259453355196754
41432.605000000214	4.469215965270995	0.11142061281337048	61.002256267409486	-0.8495821727019494	359	4.091583467079512	0.03257062017768771
53216.65000000035	8.400891304016117	0.09316770186335403	47.57209109730851	0.6202898550724645	483	4.072065036596598	-0.16576967489138716
51466.400000001035	9.805077171325681	0.03240740740740741	82.52638888888904	-1.6986111111111086	432	3.807773817188183	0.21520457336395155
42631.99600000033	8.091636466979981	0.0962566844919786	47.14336898395719	-0.27700534759358286	374	4.110880776972619	-0.037866752917912624
88924.79600000061	6.42254467010498	0.06790123456790123	44.81001234567928	-0.4776543209876541	810	4.09358469705427	-0.03817391765283072
46980.75700000054	4.568741035461426	0.04398148148148148	59.2680555555556	-0.761574074074074	432	4.0452431973796035	-0.08285595018593238
62033.902000000526	9.20429630279541	0.11091854419410746	44.414592720970596	0.47521663778163	577	4.045200712374833	-0.27465454182250953
38434.31600000014	7.612468910217285	0.11267605633802817	38.98985915492956	-0.9236619718309865	355	4.012267907185471	-0.3166440790598175
52200.54800000047	9.367659187316896	0.12552301255230125	41.383912133891215	0.36297071129707104	478	4.079687620760256	-0.21894446765631537
49229.719000000616	5.887348747253417	0.11358574610244988	32.59977728285078	-0.6022271714922054	449	4.09528524925717	-0.10586943348877789
16460.472999999976	5.066536903381347	0.0625	44.496527777777786	-1.0076388888888896	144	3.9663675053637752	-0.02592280829516702
36725.21300000008	8.452981758117676	0.09146341463414635	39.0838719512195	-0.2981707317073171	328	4.150386995348731	-0.12151386531396222
139097.33800000188	6.212581443786621	0.10235580828594638	42.43420796100758	-0.6030056864337924	1231	4.2076559096869754	-0.43444846444231777
39672.71000000009	9.206681632995604	0.056338028169014086	61.05718309859156	-0.259718309859155	355	4.059592045424122	0.032808564939436485
35611.166	5.8673414230346665	0.065625	39.1559375	-0.8081249999999993	320	4.100568239190161	-0.036016730685862856
74544.55700000114	5.086373710632324	0.039097744360902256	55.814451127819794	-0.8321804511278177	665	3.9620426588390014	-0.14298612226914156
61477.28600000061	7.852974510192872	0.10912343470483006	50.2328264758499	0.3728085867620751	559	4.0940854445674795	-0.14274643737257492
63003.10100000122	5.228414344787596	0.07958477508650519	49.25086505190322	-0.25899653979238707	578	4.086527033491199	-0.2028549762202313
71606.96200000109	6.28874568939209	0.056451612903225805	56.989532258064685	-0.7146774193548375	620	4.070170018809679	0.04518621316733265
29815.649999999936	5.409673881530761	0.04597701149425287	46.51340996168583	-0.6306513409961686	261	4.0243348580503495	-0.03232092014995941
107837.26799999985	6.595619392395021	0.0924548352816153	43.535175345377425	-0.44240170031880893	941	4.185371435963704	-0.09012268130162515
65022.67100000072	6.89754810333252	0.11379310344827585	40.96948275862072	0.16034482758620663	580	4.158908037000272	-0.36670000263178676
38242.70000000018	8.48985767364502	0.1513353115727003	27.92878338278932	0.7189910979228494	337	4.089648280709072	-0.2718107276771009
33601.041000000005	9.320984077453613	0.030100334448160536	55.383277591973204	-0.6217391304347822	299	4.090317249293105	0.21522771613968641
14272.530999999994	8.733612632751463	0.09917355371900827	63.71818181818182	-0.522314049586777	121	4.090087419186177	0.08506343713956174
237296.09400003508	5.444629859924316	0.10288461538461538	50.46457692307724	-0.40014423076923206	2080	4.181753493026004	-0.18149195910347518
113139.78699999959	8.103885459899903	0.10577864838393733	39.05124387855059	0.15377081292850212	1021	4.17638935486118	-0.3664919618919979
35638.187999999995	5.695176124572753	0.065625	42.681875	-0.8190624999999994	320	4.09654222005879	-0.02360763158383556
233035.77700003545	6.488875770568847	0.06326723323890462	53.251756373938036	-0.10420207743153878	2118	4.02533037533414	-0.1631884034468846
111664.96399999961	5.534776496887206	0.07086614173228346	42.51260826771672	-0.1787401574803147	1016	4.165856850406476	-0.17275624453526436
144514.1410000042	6.718164253234863	0.060897435897435896	50.65987179487201	-0.6791666666666663	1248	4.054907371826061	0.12828481823079557
65506.26000000077	7.771959114074707	0.11724137931034483	44.92139655172421	0.14327586206896528	580	4.160376329095911	-0.29586888648937687
45304.028000000326	5.649818611145019	0.05925925925925926	52.28471604938271	-0.8550617283950599	405	4.024874331229574	-0.11893698815449509
96135.22500000024	9.479834175109865	0.03433001107419712	51.843964562569504	-0.23776301218161666	903	4.007402263693729	0.05604828393977177
36707.0260000002	5.94572238922119	0.024390243902439025	51.05030487804876	-0.6167682926829259	328	3.9970303191220493	-0.17671368221341902
175888.10100001542	6.491547203063964	0.05060088551549652	61.23031625553482	-0.7213156230234048	1581	4.098054213826312	0.0025036090268095324
75788.17200000041	8.443569374084475	0.07386363636363637	39.770042613636434	0.44943181818181993	704	4.010502143897759	-0.28067642601119297
86175.23600000059	8.182214546203614	0.09224598930481284	40.42233957219261	-0.5824866310160407	748	4.195940861322874	-0.22694717994628477
38522.964000000175	5.265302848815917	0.0436046511627907	52.89215116279068	-0.9462209302325566	344	3.971084290795786	0.040885935823566685
34207.51599999999	9.334457969665529	0.1678082191780822	39.27845890410956	0.20376712328767108	292	4.153142336470823	0.06266419689798232
97128.4559999999	5.751560401916504	0.1280558789289872	42.1102677532016	0.09906868451687946	859	4.158751709602698	-0.3582648410452198
37021.431000000135	9.044672584533693	0.10153846153846155	50.02307692307694	-0.40338461538461534	325	3.973469836260941	-0.24379713074233927
70023.18600000124	9.017660331726074	0.06132075471698113	67.86477987421412	-0.6281446540880494	636	4.089643432187497	0.20134466739097875
160915.18200001062	5.593320655822754	0.01700921332388377	54.11736357193518	-1.0122608079376394	1411	3.765994985554733	-0.09636441359401554
55430.179000000935	5.547224235534667	0.0561122244488978	57.25230460921854	-0.49118236472945925	499	4.067948188697364	-0.16806354821111308
29820.843999999935	5.59832248687744	0.04980842911877395	45.537547892720305	-0.5919540229885059	261	4.035028390353522	0.006093401703865936
54369.526000000464	7.586891365051271	0.1292929292929293	31.374202020202	0.4416161616161621	495	4.116082624672926	-0.23556125855452137
41234.7470000002	10.515067481994631	0.025352112676056335	63.3132394366197	-1.447323943661969	355	3.788930130298246	0.08368388948167367
56523.10400000075	7.846592140197754	0.11717171717171718	52.169131313131395	-0.16767676767676806	495	4.171409861544357	-0.18363609180714716
38354.27700000013	7.612468910217285	0.11267605633802817	39.9907042253521	-0.9047887323943673	355	4.0062250899083764	-0.3332638151077117
66178.65100000073	6.194392967224121	0.14358108108108109	30.61048986486485	0.4501689189189193	592	4.12768140960673	-0.3124795244860873
96811.82900000006	8.738899040222169	0.09364161849710984	46.7641965317921	-0.333179190751444	865	4.1354547248664675	-0.2847817558094054
29718.64999999994	5.754686546325684	0.07407407407407407	48.353703703703715	-0.3507407407407409	270	4.166874883075393	-0.10110898595648578
237911.9090000353	5.402227973937988	0.10095693779904306	50.197090909091216	-0.387224880382776	2090	4.180798597347879	-0.19859862256232855
40610.63300000017	7.702842903137207	0.11497326203208555	46.764224598930454	-0.5647058823529403	374	3.9962673353639	-0.13762183929554367
21522.495999999963	10.900137138366699	0.03015075376884422	51.721608040201	0.1738693467336683	199	3.705701109499999	-0.21562597775562628
57873.41000000061	6.256745338439941	0.1167608286252354	34.975536723163835	0.564783427495293	531	4.0780733471483765	-0.33197063822557804
90928.7550000005	5.06125087738037	0.07398273736128236	49.71309494451318	-0.5590628853267572	811	4.143801036473418	-0.1180213777468223
107719.17599999988	6.538268852233887	0.0924548352816153	43.04176408076531	-0.4302869287991491	941	4.18318277119801	-0.09601409091007411
103136.00500000018	5.3083299636840815	0.09041980624327234	43.84596340150723	0.25037674919268016	929	4.042097909767963	-0.27982670624989103
51992.28900000111	9.941234397888184	0.049107142857142856	79.38549107142879	-1.7790178571428565	448	3.7415936176475313	-0.15810442847179187
72345.9480000001	5.548019981384278	0.04275862068965518	46.93615172413827	-0.09351724137930899	725	3.7953524095803925	-0.13850666740870288
23574.686999999958	9.461911964416508	0.05504587155963303	37.918807339449536	-0.7504587155963314	218	3.9847187757878717	-0.09485979817753938
26845.883999999987	5.981133079528808	0.08438818565400844	49.906751054852315	-0.2590717299578061	237	4.036765797434913	-0.17825358344800277
25070.122999999963	5.558762550354003	0.09009009009009009	37.801801801801794	0.05585585585585593	222	4.140969610618225	-0.42084932294016597
55447.1220000007	5.0104368209838865	0.09126984126984126	43.414325396825426	-0.11011904761904757	504	4.096037963447181	-0.1276701767552388
68996.19100000123	5.784185981750488	0.07179487179487179	52.21572649572659	-0.8370940170940157	585	4.031524056191688	0.12968322387170017
51450.397000001045	9.792634773254392	0.03240740740740741	82.57523148148164	-1.700231481481479	432	3.8118783478271028	0.22240620528968755
52063.2600000003	8.874798393249513	0.08368200836820083	49.32533472803353	0.6554393305439336	478	4.046546722254086	-0.2109157703548739
101872.81499999996	5.065343284606932	0.08549783549783549	40.92133116883134	-0.29686147186147105	924	4.138637757496474	-0.11346494974419431
68462.54100000128	9.37004451751709	0.0916030534351145	49.014351145038454	-1.1178625954198464	655	3.7895129997683163	-0.05103609900707862
21977.403999999868	11.100311470031734	0.0091324200913242	28.874885844748846	-0.8191780821917811	219	3.080526166181274	-0.1458433107023093
63823.551000000705	7.804365348815919	0.10664335664335664	39.48445804195807	0.5148601398601411	572	4.124814413233784	0.1094211335683623
91370.5750000002	4.916027259826659	0.09838107098381071	46.83537982565395	-0.6559153175591511	803	4.166218650686557	-0.08460058331295944
22302.096999999958	9.459784507751465	0.1256544502617801	44.01623036649214	-0.15287958115183287	191	4.1051726506936355	-0.019158976422382408
88734.60300000056	6.45397663116455	0.06551297898640297	45.77763906056888	-0.4687268232385658	809	4.093358597495383	-0.04757256050505708
43012.9280000002	9.28140048980713	0.08866995073891626	37.83522167487685	0.9450738916256174	406	3.849132615207355	-0.15161689538030557
57143.508000000766	9.012244987487794	0.08396946564885496	52.200000000000095	0.09293893129770944	524	4.008355615973631	-0.2529041597783634
14676.848999999987	9.204231834411619	0.09923664122137404	47.29854961832059	-0.1381679389312977	131	4.042582611350727	-0.10438928731164333
96684.26700000052	6.278003120422363	0.08508158508158509	40.882412587412745	-0.60058275058275	858	4.139511267502422	0.09173142304311535
56972.4960000008	8.591073036193851	0.08986615678776291	32.44724665391969	-0.45239005736137666	523	4.0330586552021375	-0.15158138020323786
64272.655000000595	6.425045585632325	0.1279863481228669	38.58327645051197	0.4686006825938572	586	4.122510121171556	-0.3275734480239709
34288.824999999975	4.844012260437012	0.0749185667752443	39.65309446254072	-0.301954397394137	307	4.084377136597321	-0.19934936388823168
60639.512000000905	4.613018608093261	0.16165413533834588	26.604906015037585	-0.4375939849624058	532	4.128821719820426	-0.18330831810504086
66904.30400000105	6.6334741592407225	0.16220735785953178	28.95672240802675	0.22391304347826096	598	4.157265744943677	-0.0473413028485946
58317.5990000007	4.937853431701659	0.1218568665377176	36.460735009671176	0.2626692456479687	517	4.111472105715279	-0.06311361774218732
30501.612999999918	6.416406059265137	0.05474452554744526	51.12116788321166	-0.683211678832117	274	4.0615693041227106	-0.2670385555046075
75459.78400000044	8.74296054840088	0.09826589595375722	42.14176300578048	0.0682080924855499	692	4.098755431488049	-0.23790828805806355
23547.732999999964	5.593093299865722	0.09302325581395349	14.930744186046505	-0.1767441860465115	215	4.111666200998975	-0.21943263557866677
102499.18600000002	6.6824125289917	0.1156387665198238	46.34401982378871	0.04295154185022085	908	4.179829729304891	-0.291506279126864
59841.07400000067	8.605707359313968	0.14232902033271722	30.46364140480589	0.3807763401109055	541	4.108939955679253	-0.15656212017975496
28268.039999999954	6.129880714416504	0.06896551724137931	23.74674329501915	-0.1796934865900382	261	4.128092889923917	-0.3358279174876777
101120.08800000019	6.167167091369628	0.06989853438556934	40.99481397970703	-0.8373167981961679	887	4.0326707921856935	0.04835091782771379
88130.25600000027	5.714558219909668	0.11402359108781127	37.74866317169077	-0.4948885976408902	763	4.1717110166989215	0.028224883605232953
21561.798999999926	9.679105949401855	0.1092896174863388	43.153551912568304	-0.9732240437158476	183	3.968458109282686	0.20194966256851996
39598.9180000003	9.032423591613771	0.08430232558139536	38.06656976744186	-0.669476744186047	344	4.072104667255608	0.2412092690872391
68787.88100000056	7.493220710754395	0.1212121212121212	37.70770334928234	0.2961722488038277	627	4.146857818598285	-0.32068498731797296
62056.408000000745	6.391851615905763	0.13676731793960922	38.126465364120776	0.42415630550621725	563	4.13238421844201	-0.19472174059710362
58182.2450000011	5.136164665222167	0.11200000000000002	53.34064000000013	-0.7466000000000002	500	4.1758108327862935	-0.15024164314321595
35153.20300000006	9.577116966247559	0.08333333333333333	36.359598765432104	0.13703703703703704	324	4.084964768390538	-0.20390572740682095
24857.43199999995	5.958340644836426	0.08636363636363636	52.3359090909091	-1.000909090909091	220	4.106177865182859	0.0061738749981888625
96485.21500000056	8.084416007995607	0.060642092746730075	42.94375743162916	-0.8891795481569557	841	4.059002028952348	0.10899461925769285
48840.66000000038	9.031907844543458	0.08705357142857142	41.98683035714284	0.7973214285714298	448	4.023775845876672	-0.29108504698749127
68043.95400000087	5.245863914489745	0.1547420965058236	39.09537437603995	0.13893510815307794	601	4.174369269294503	-0.2104042979895734
279505.02800002805	6.858158683776855	0.10567757977621217	41.19573974305877	-0.4676336510567791	2413	4.172968800561708	-0.021542913689709786
29740.945999999898	9.110236930847169	0.0694980694980695	46.99768339768339	-1.0610038610038608	259	4.028482403033753	0.1008771406081479
51092.19600000075	5.615203666687012	0.061363636363636356	55.13159090909096	-1.0365909090909071	440	4.108925001565885	0.14653439387363734
41624.91700000025	6.912269401550293	0.09308510638297872	27.22686170212766	-0.2875000000000005	376	4.145351179135883	-0.24951658575972416
51607.71900000054	6.281640815734863	0.08067940552016985	21.113163481953283	-0.1571125265392785	471	4.020127799362383	0.045674421033613535
49906.558000000856	4.603924369812011	0.09850107066381156	37.092312633832975	-0.35246252676659623	467	3.9747375482842693	0.07298684461567378
55155.83400000084	7.185437583923341	0.10624999999999998	44.98816666666668	-0.5191666666666668	480	4.124331259110831	-0.08588729644525755
116534.17899999979	6.691677284240723	0.08055009823182711	41.14323182711217	-0.3397838899803521	1018	4.11684197295657	0.089678374710544
71124.89100000088	7.334355735778809	0.12038523274478331	26.01287319422151	-0.3351524879614764	623	4.161344849498208	-0.3745011099976209
28876.46699999998	5.285082817077636	0.1317829457364341	52.19426356589145	0.7488372093023261	258	4.030811757729999	-0.3323403053510597
31539.634000000035	8.979430580139162	0.13310580204778158	30.408532423208182	0.9365187713310591	293	3.9416249856977372	-0.2779421839849127
48879.28400000029	9.08670597076416	0.13544018058690743	30.96887133182845	0.7372460496614001	443	4.037418289247259	-0.11077543498464823
113047.93899999936	5.615999412536621	0.08775313404050145	32.439633558341484	0.16046287367405965	1037	4.090001404845678	-0.3855347450836846
59429.43300000037	9.036420631408692	0.07334525939177103	38.24847942754918	0.8311270125223633	559	3.952617294484989	-0.37940655855733846
35047.71900000008	5.742466163635254	0.04953560371517028	20.60835913312694	-0.05820433436532504	323	3.996898265762094	-0.28881761583934573
26107.84499999999	8.676880455017091	0.11836734693877551	46.353469387755084	0.7240816326530614	245	3.9661977294356507	-0.2844072120836418
53389.36200000048	9.53321399688721	0.07615230460921844	29.397214428857694	0.5228456913827665	499	4.020545356067828	-0.1442166538226901
52551.03900000056	8.771584510803223	0.07922912205567452	47.20513918629554	-0.36381156316916496	467	4.109689209210481	-0.3622101936363252
67972.64700000096	6.047123146057129	0.06907378335949764	32.51130298273154	0.3291993720565162	637	4.05168466912271	-0.29118953469510817
43477.96900000021	8.814133644104007	0.06763285024154589	34.98743961352654	0.8879227053140112	414	3.9276244590138334	-0.2691939330630087
46208.98100000028	8.589461326599121	0.10478359908883828	26.158086560364453	0.9940774487471541	439	3.9056349462340947	-0.326100192596311
31393.476999999908	8.303737449645997	0.10638297872340424	48.46205673758866	-0.036170212765957714	282	4.075719755018365	-0.4704086350370688
36589.87600000001	4.635754203796386	0.10759493670886076	47.857594936708885	-0.15569620253164612	316	4.046663265485857	-0.15936934873840072
26484.959999999985	6.041723442077637	0.06614785992217899	42.0101167315175	0.9595330739299612	257	3.834477033364608	-0.2454634419213158
